election_id,candidate,number
62053cb1-80ac-4577-94a4-1619acb5b862,張家豪,1
62053cb1-80ac-4577-94a4-1619acb5b862,陳時中,12
62053cb1-80ac-4577-94a4-1619acb5b862,黃珊珊,8
62053cb1-80ac-4577-94a4-1619acb5b862,蘇煥智,7
62053cb1-80ac-4577-94a4-1619acb5b862,童文薰,5
62053cb1-80ac-4577-94a4-1619acb5b862,鄭匡宇,3
62053cb1-80ac-4577-94a4-1619acb5b862,蔣萬安,6
62053cb1-80ac-4577-94a4-1619acb5b862,施奉先,9
62053cb1-80ac-4577-94a4-1619acb5b862,黃聖峰,4
62053cb1-80ac-4577-94a4-1619acb5b862,唐新民,10
62053cb1-80ac-4577-94a4-1619acb5b862,王文娟,2
62053cb1-80ac-4577-94a4-1619acb5b862,謝立康,11
62053f19-68a8-4913-9c6a-1619acb5b862,林佳龍,1
62053f19-68a8-4913-9c6a-1619acb5b862,侯友宜,2
620536da-e344-4ab2-9e17-1619acb5b862,鄭運鵬,3
620536da-e344-4ab2-9e17-1619acb5b862,賴香伶,2
620536da-e344-4ab2-9e17-1619acb5b862,張善政,1
620536da-e344-4ab2-9e17-1619acb5b862,鄭寶清,4
620540ad-b6bc-4ed2-a509-1619acb5b862,蔡其昌,2
620540ad-b6bc-4ed2-a509-1619acb5b862,盧秀燕,3
620540ad-b6bc-4ed2-a509-1619acb5b862,陳美妃,1
620541a9-b8f4-4696-8de5-1619acb5b862,許忠信,1
620541a9-b8f4-4696-8de5-1619acb5b862,黃偉哲,5
620541a9-b8f4-4696-8de5-1619acb5b862,謝龍介,3
620541a9-b8f4-4696-8de5-1619acb5b862,吳炳輝,4
620541a9-b8f4-4696-8de5-1619acb5b862,林義豐,2
62053dab-a1ec-4dba-9277-1619acb5b862,鄭宇翔,1
62053dab-a1ec-4dba-9277-1619acb5b862,陳其邁,4
62053dab-a1ec-4dba-9277-1619acb5b862,柯志恩,3
62053dab-a1ec-4dba-9277-1619acb5b862,曾尹儷,2
62053d71-b5e0-400f-b53f-1619acb5b862,林志穎,17
62053d71-b5e0-400f-b53f-1619acb5b862,林延鳳,1
62053d71-b5e0-400f-b53f-1619acb5b862,蘇府庭,21
62053d71-b5e0-400f-b53f-1619acb5b862,陳重文,7
62053d71-b5e0-400f-b53f-1619acb5b862,陳慈慧,9
62053d71-b5e0-400f-b53f-1619acb5b862,劉仕傑,8
62053d71-b5e0-400f-b53f-1619acb5b862,張渝江,16
62053d71-b5e0-400f-b53f-1619acb5b862,張斯綱,20
62053d71-b5e0-400f-b53f-1619acb5b862,陳賢蔚,2
62053d71-b5e0-400f-b53f-1619acb5b862,陳思宇,15
62053d71-b5e0-400f-b53f-1619acb5b862,汪志冰,5
62053d71-b5e0-400f-b53f-1619acb5b862,鍾佩玲,10
62053d71-b5e0-400f-b53f-1619acb5b862,林杏兒,4
62053d71-b5e0-400f-b53f-1619acb5b862,王郁揚,19
62053d71-b5e0-400f-b53f-1619acb5b862,林世宗,6
62053d71-b5e0-400f-b53f-1619acb5b862,項豪,24
62053d71-b5e0-400f-b53f-1619acb5b862,侯漢廷,11
62053d71-b5e0-400f-b53f-1619acb5b862,黃瀞瑩,13
62053d71-b5e0-400f-b53f-1619acb5b862,林瑞圖,14
62053d71-b5e0-400f-b53f-1619acb5b862,楊靜宇,23
62053d71-b5e0-400f-b53f-1619acb5b862,鄭穎隆,18
62053d71-b5e0-400f-b53f-1619acb5b862,李光輝,3
62053d71-b5e0-400f-b53f-1619acb5b862,陳政忠,25
62053d71-b5e0-400f-b53f-1619acb5b862,黃郁芬,22
62053d71-b5e0-400f-b53f-1619acb5b862,郝淑薏,12
62053d4e-8e68-47bd-a479-1619acb5b862,江志銘,3
62053d4e-8e68-47bd-a479-1619acb5b862,陳志明,1
62053d4e-8e68-47bd-a479-1619acb5b862,游淑慧,12
62053d4e-8e68-47bd-a479-1619acb5b862,李明賢,4
62053d4e-8e68-47bd-a479-1619acb5b862,何孟樺,8
62053d4e-8e68-47bd-a479-1619acb5b862,王孝維,6
62053d4e-8e68-47bd-a479-1619acb5b862,李建昌,10
62053d4e-8e68-47bd-a479-1619acb5b862,闕枚莎,11
62053d4e-8e68-47bd-a479-1619acb5b862,李彥秀,13
62053d4e-8e68-47bd-a479-1619acb5b862,陳宥丞,7
62053d4e-8e68-47bd-a479-1619acb5b862,吳世正,5
62053d4e-8e68-47bd-a479-1619acb5b862,吳欣岱,9
62053d4e-8e68-47bd-a479-1619acb5b862,劉榮之,2
62053cb1-06f8-41e6-bd74-1619acb5b862,詹為元,9
62053cb1-06f8-41e6-bd74-1619acb5b862,林柏勛,5
62053cb1-06f8-41e6-bd74-1619acb5b862,許淑華,13
62053cb1-06f8-41e6-bd74-1619acb5b862,許家蓓,3
62053cb1-06f8-41e6-bd74-1619acb5b862,秦慧珠,8
62053cb1-06f8-41e6-bd74-1619acb5b862,楊寶楨,6
62053cb1-06f8-41e6-bd74-1619acb5b862,張文潔,2
62053cb1-06f8-41e6-bd74-1619acb5b862,徐巧芯,11
62053cb1-06f8-41e6-bd74-1619acb5b862,洪健益,16
62053cb1-06f8-41e6-bd74-1619acb5b862,戴錫欽,12
62053cb1-06f8-41e6-bd74-1619acb5b862,王鴻薇,14
62053cb1-06f8-41e6-bd74-1619acb5b862,高毓安,10
62053cb1-06f8-41e6-bd74-1619acb5b862,吳崢,15
62053cb1-06f8-41e6-bd74-1619acb5b862,吳蕚洋,4
62053cb1-06f8-41e6-bd74-1619acb5b862,洪士奇,7
62053cb1-06f8-41e6-bd74-1619acb5b862,郭榮先,1
62053ce1-4670-42a8-9b13-1619acb5b862,柳采葳,8
62053ce1-4670-42a8-9b13-1619acb5b862,梁文傑,12
62053ce1-4670-42a8-9b13-1619acb5b862,王世堅,6
62053ce1-4670-42a8-9b13-1619acb5b862,顏若芳,10
62053ce1-4670-42a8-9b13-1619acb5b862,林珍羽,13
62053ce1-4670-42a8-9b13-1619acb5b862,連紹傑,7
62053ce1-4670-42a8-9b13-1619acb5b862,林婕麗,3
62053ce1-4670-42a8-9b13-1619acb5b862,葉林傳,9
62053ce1-4670-42a8-9b13-1619acb5b862,林亮君,4
62053ce1-4670-42a8-9b13-1619acb5b862,徐千淳,11
62053ce1-4670-42a8-9b13-1619acb5b862,陳怡君,1
62053ce1-4670-42a8-9b13-1619acb5b862,陳炳甫,5
62053ce1-4670-42a8-9b13-1619acb5b862,高世俊,2
62053cf2-7514-41fb-82cf-1619acb5b862,曾琳詒,7
62053cf2-7514-41fb-82cf-1619acb5b862,郭智亭,2
62053cf2-7514-41fb-82cf-1619acb5b862,吳志剛,6
62053cf2-7514-41fb-82cf-1619acb5b862,邵維倫,9
62053cf2-7514-41fb-82cf-1619acb5b862,吳怡萱,8
62053cf2-7514-41fb-82cf-1619acb5b862,張榮法,11
62053cf2-7514-41fb-82cf-1619acb5b862,洪婉臻,17
62053cf2-7514-41fb-82cf-1619acb5b862,鍾小平,3
62053cf2-7514-41fb-82cf-1619acb5b862,吳沛憶,4
62053cf2-7514-41fb-82cf-1619acb5b862,郭昭巖,16
62053cf2-7514-41fb-82cf-1619acb5b862,劉耀仁,1
62053cf2-7514-41fb-82cf-1619acb5b862,李有宜,10
62053cf2-7514-41fb-82cf-1619acb5b862,應曉薇,12
62053cf2-7514-41fb-82cf-1619acb5b862,徐立信,5
62053cf2-7514-41fb-82cf-1619acb5b862,李菁琪,13
62053cf2-7514-41fb-82cf-1619acb5b862,謝和弦,x
62053cf2-7514-41fb-82cf-1619acb5b862,陳樹霖,15
62053cf2-7514-41fb-82cf-1619acb5b862,王麒傑,14
62053cf2-7514-41fb-82cf-1619acb5b862,呂增塔,18
62053cce-f040-48ca-878e-1619acb5b862,華珮君,6
62053cce-f040-48ca-878e-1619acb5b862,楊植斗,26
62053cce-f040-48ca-878e-1619acb5b862,趙怡翔,13
62053cce-f040-48ca-878e-1619acb5b862,張四維,2
62053cce-f040-48ca-878e-1619acb5b862,鄭建炘,24
62053cce-f040-48ca-878e-1619acb5b862,陳聖文,27
62053cce-f040-48ca-878e-1619acb5b862,王閔生,5
62053cce-f040-48ca-878e-1619acb5b862,高揚凱,9
62053cce-f040-48ca-878e-1619acb5b862,簡舒培,22
62053cce-f040-48ca-878e-1619acb5b862,蘇恆,11
62053cce-f040-48ca-878e-1619acb5b862,張幸松,1
62053cce-f040-48ca-878e-1619acb5b862,曾獻瑩,4
62053cce-f040-48ca-878e-1619acb5b862,陳錦祥,20
62053cce-f040-48ca-878e-1619acb5b862,詹晉鑒,8
62053cce-f040-48ca-878e-1619acb5b862,林泓泰,3
62053cce-f040-48ca-878e-1619acb5b862,李柏毅,10
62053cce-f040-48ca-878e-1619acb5b862,張志豪,14
62053cce-f040-48ca-878e-1619acb5b862,耿葳,25
62053cce-f040-48ca-878e-1619acb5b862,徐弘庭,17
62053cce-f040-48ca-878e-1619acb5b862,苗博雅,19
62053cce-f040-48ca-878e-1619acb5b862,王欣儀,18
62053cce-f040-48ca-878e-1619acb5b862,鄭淑娟,7
62053cce-f040-48ca-878e-1619acb5b862,林穎孟,21
62053cce-f040-48ca-878e-1619acb5b862,鍾沛君,15
62053cce-f040-48ca-878e-1619acb5b862,林岳龍,12
62053cce-f040-48ca-878e-1619acb5b862,林元敏,23
62053cce-f040-48ca-878e-1619acb5b862,徐正文,16
62053cb0-d278-4357-9ff6-1619acb5b862,李芳儒,2
62053cb0-a0a8-4ebf-8d20-1619acb5b862,李傅中武,1
62054012-8d18-43a0-af3f-1619acb5b862,蔡錦賢,6
62054012-8d18-43a0-af3f-1619acb5b862,陳靜儀,4
62054012-8d18-43a0-af3f-1619acb5b862,陳偉杰,2
62054012-8d18-43a0-af3f-1619acb5b862,鄭宇恩,1
62054012-8d18-43a0-af3f-1619acb5b862,陳家琪,5
62054012-8d18-43a0-af3f-1619acb5b862,彭莉惠,3
62053fb1-9d04-4c10-b018-1619acb5b862,黃琦翔,8
62053fb1-9d04-4c10-b018-1619acb5b862,賴秋媚,7
62053fb1-9d04-4c10-b018-1619acb5b862,李宇翔,1
62053fb1-9d04-4c10-b018-1619acb5b862,蔡淑君,3
62053fb1-9d04-4c10-b018-1619acb5b862,陳明義,5
62053fb1-9d04-4c10-b018-1619acb5b862,董俊宏,4
62053fb1-9d04-4c10-b018-1619acb5b862,郭原佑,2
62053fb1-9d04-4c10-b018-1619acb5b862,宋明宗,6
62054a5f-defc-49b0-b8a0-1cfe0a8c0003,吳香君,16
62054a5f-defc-49b0-b8a0-1cfe0a8c0003,鍾宏仁,15
62054a5f-defc-49b0-b8a0-1cfe0a8c0003,翁震州,14
62054a5f-defc-49b0-b8a0-1cfe0a8c0003,黃聖超,2
62054a5f-defc-49b0-b8a0-1cfe0a8c0003,何淑峯,5
62054a5f-defc-49b0-b8a0-1cfe0a8c0003,林秉宥,10
62054a5f-defc-49b0-b8a0-1cfe0a8c0003,陳世軒,8
62054a5f-defc-49b0-b8a0-1cfe0a8c0003,何語蓉,11
62054a5f-defc-49b0-b8a0-1cfe0a8c0003,蔣根煌,12
62054a5f-defc-49b0-b8a0-1cfe0a8c0003,郭岱軒,7
62054a5f-defc-49b0-b8a0-1cfe0a8c0003,陳聰吉,17
62054a5f-defc-49b0-b8a0-1cfe0a8c0003,邱吉均,4
62054a5f-defc-49b0-b8a0-1cfe0a8c0003,張志宏,1
62054a5f-defc-49b0-b8a0-1cfe0a8c0003,陳科名,13
62054a5f-defc-49b0-b8a0-1cfe0a8c0003,蔡健棠,9
62054a5f-defc-49b0-b8a0-1cfe0a8c0003,戴湘儀,18
62054a5f-defc-49b0-b8a0-1cfe0a8c0003,許明偉,6
62054a5f-defc-49b0-b8a0-1cfe0a8c0003,陳炫銘,3
62053f47-6a3c-4688-9966-1619acb5b862,王景弘,14
62053f47-6a3c-4688-9966-1619acb5b862,黃桂蘭,6
62053f47-6a3c-4688-9966-1619acb5b862,陳啟能,1
62053f47-6a3c-4688-9966-1619acb5b862,彭佳芸,8
62053f47-6a3c-4688-9966-1619acb5b862,李翁月娥,10
62053f47-6a3c-4688-9966-1619acb5b862,邱婷蔚,7
62053f47-6a3c-4688-9966-1619acb5b862,顏蔚慈,12
62053f47-6a3c-4688-9966-1619acb5b862,李余典,4
62053f47-6a3c-4688-9966-1619acb5b862,林鼎超,11
62053f47-6a3c-4688-9966-1619acb5b862,李倩萍,9
62053f47-6a3c-4688-9966-1619acb5b862,陳宛毓,5
62053f47-6a3c-4688-9966-1619acb5b862,陳俊霖,3
62053f47-6a3c-4688-9966-1619acb5b862,吳訓孝,13
62053f47-6a3c-4688-9966-1619acb5b862,董俊良,15
62053f47-6a3c-4688-9966-1619acb5b862,吳建智,x
62053f47-6a3c-4688-9966-1619acb5b862,王威元,2
62053f1a-f714-4601-a7b2-1619acb5b862,吳達偉,4
62053f1a-f714-4601-a7b2-1619acb5b862,林國春,1
62053f1a-f714-4601-a7b2-1619acb5b862,顏維勲,9
62053f1a-f714-4601-a7b2-1619acb5b862,曾煥嘉,3
62053f1a-f714-4601-a7b2-1619acb5b862,黃俊哲,16
62053f1a-f714-4601-a7b2-1619acb5b862,李婉鈺,11
62053f1a-f714-4601-a7b2-1619acb5b862,山田摩衣,15
62053f1a-f714-4601-a7b2-1619acb5b862,戴瑋姍,6
62053f1a-f714-4601-a7b2-1619acb5b862,黃淑君,18
62053f1a-f714-4601-a7b2-1619acb5b862,石一佑,21
62053f1a-f714-4601-a7b2-1619acb5b862,王淑慧,5
62053f1a-f714-4601-a7b2-1619acb5b862,張淑惠,10
62053f1a-f714-4601-a7b2-1619acb5b862,張家維,19
62053f1a-f714-4601-a7b2-1619acb5b862,周勝考,8
62053f1a-f714-4601-a7b2-1619acb5b862,劉美芳,2
62053f1a-f714-4601-a7b2-1619acb5b862,郭柏成,12
62053f1a-f714-4601-a7b2-1619acb5b862,阮橋本,17
62053f1a-f714-4601-a7b2-1619acb5b862,彭盛韶,7
62053f1a-f714-4601-a7b2-1619acb5b862,陳玉鳳,13
62053f1a-f714-4601-a7b2-1619acb5b862,葉元之,14
62053f1a-f714-4601-a7b2-1619acb5b862,廖裕德,20
62053f77-0404-4885-a40e-1619acb5b862,張嘉玲,9
62053f77-0404-4885-a40e-1619acb5b862,王如意,11
62053f77-0404-4885-a40e-1619acb5b862,張維倩,8
62053f77-0404-4885-a40e-1619acb5b862,陳逸展,2
62053f77-0404-4885-a40e-1619acb5b862,張志豪,10
62053f77-0404-4885-a40e-1619acb5b862,陳錦錠,7
62053f77-0404-4885-a40e-1619acb5b862,邱烽堯,3
62053f77-0404-4885-a40e-1619acb5b862,李正皓,5
62053f77-0404-4885-a40e-1619acb5b862,蔡明璋,1
62053f77-0404-4885-a40e-1619acb5b862,金瑞龍,4
62053f77-0404-4885-a40e-1619acb5b862,游輝宂,6
62053f9a-9028-4e50-958d-1619acb5b862,許昭興,5
62053f9a-9028-4e50-958d-1619acb5b862,羅文崇,4
62053f9a-9028-4e50-958d-1619acb5b862,陳鴻源,1
62053f9a-9028-4e50-958d-1619acb5b862,連斐璠,2
62053f9a-9028-4e50-958d-1619acb5b862,蕭蒼澤,3
62053fed-47d8-4d7d-ad8b-1619acb5b862,廖宜琨,11
62053fed-47d8-4d7d-ad8b-1619acb5b862,簡元泰,16
62053fed-47d8-4d7d-ad8b-1619acb5b862,黃永昌,3
62053fed-47d8-4d7d-ad8b-1619acb5b862,林銘仁,15
62053fed-47d8-4d7d-ad8b-1619acb5b862,林金結,14
62053fed-47d8-4d7d-ad8b-1619acb5b862,張昭隆,5
62053fed-47d8-4d7d-ad8b-1619acb5b862,彭一書,1
62053fed-47d8-4d7d-ad8b-1619acb5b862,陳世榮,13
62053fed-47d8-4d7d-ad8b-1619acb5b862,高乃芸,10
62053fed-47d8-4d7d-ad8b-1619acb5b862,卓冠廷,17
62053fed-47d8-4d7d-ad8b-1619acb5b862,曾進益,8
62053fed-47d8-4d7d-ad8b-1619acb5b862,洪佳君,6
62053fed-47d8-4d7d-ad8b-1619acb5b862,蘇泓欽,7
62053fed-47d8-4d7d-ad8b-1619acb5b862,王正,4
62053fed-47d8-4d7d-ad8b-1619acb5b862,江怡臻,2
62053fed-47d8-4d7d-ad8b-1619acb5b862,呂家愷,12
62053fed-47d8-4d7d-ad8b-1619acb5b862,歐金獅,9
62053fd1-2334-428b-8653-1619acb5b862,張凱鈞,3
62053fd1-2334-428b-8653-1619acb5b862,陳乃瑜,1
62053fd1-2334-428b-8653-1619acb5b862,陳永福,4
62053fd1-2334-428b-8653-1619acb5b862,金中玉,7
62053fd1-2334-428b-8653-1619acb5b862,陳儀君,2
62053fd1-2334-428b-8653-1619acb5b862,黃心華,5
62053fd1-2334-428b-8653-1619acb5b862,劉哲彰,6
62054012-8d18-43a0-af3f-1619acb5b862,林裔綺,2
62054012-8d18-43a0-af3f-1619acb5b862,蕭敬嚴,1
62054012-8d18-43a0-af3f-1619acb5b862,張錦豪,6
62054012-8d18-43a0-af3f-1619acb5b862,周雅玲,2
62054012-8d18-43a0-af3f-1619acb5b862,白珮茹,4
62054012-8d18-43a0-af3f-1619acb5b862,廖先翔,3
62054012-8d18-43a0-af3f-1619acb5b862,彭立信,1
62054012-8d18-43a0-af3f-1619acb5b862,黃瑞傳,5
62054012-8d18-43a0-af3f-1619acb5b862,楊春妹,5
62054012-8d18-43a0-af3f-1619acb5b862,楊曉君,7
62054012-8d18-43a0-af3f-1619acb5b862,林霈宸,8
62054012-8d18-43a0-af3f-1619acb5b862,楊萬金,1
62054012-8d18-43a0-af3f-1619acb5b862,林家豪,3
62054012-8d18-43a0-af3f-1619acb5b862,何應明,4
620536da-6840-44c5-8705-1619acb5b862,黃婉如,5
620536da-6840-44c5-8705-1619acb5b862,于北辰,15
620536da-6840-44c5-8705-1619acb5b862,陳美梅,16
620536da-6840-44c5-8705-1619acb5b862,李曉鐘,21
620536da-6840-44c5-8705-1619acb5b862,羅岳峰,24
620536da-6840-44c5-8705-1619acb5b862,呂儀恬,13
620536da-6840-44c5-8705-1619acb5b862,李柏瑟,22
620536da-6840-44c5-8705-1619acb5b862,余信憲,14
620536da-6840-44c5-8705-1619acb5b862,黃成峻,2
620536da-6840-44c5-8705-1619acb5b862,張凱翔,23
620536da-6840-44c5-8705-1619acb5b862,官正平,25
620536da-6840-44c5-8705-1619acb5b862,張碩芳,27
620536da-6840-44c5-8705-1619acb5b862,詹江村,9
620536da-6840-44c5-8705-1619acb5b862,林政賢,7
620536da-6840-44c5-8705-1619acb5b862,李光達,17
620536da-6840-44c5-8705-1619acb5b862,黃瓊慧,26
620536da-6840-44c5-8705-1619acb5b862,朱智菁,10
620536da-6840-44c5-8705-1619acb5b862,黃家齊,19
620536da-6840-44c5-8705-1619acb5b862,彭沛妤,11
620536da-6840-44c5-8705-1619acb5b862,凌濤,6
620536da-6840-44c5-8705-1619acb5b862,簡智翔,3
620536da-6840-44c5-8705-1619acb5b862,袁慧心,4
620536da-6840-44c5-8705-1619acb5b862,陳品杰,20
620536da-6840-44c5-8705-1619acb5b862,黃進仕,12
620536da-6840-44c5-8705-1619acb5b862,藍士博,1
620536da-6840-44c5-8705-1619acb5b862,沈佩玲,18
620536da-6840-44c5-8705-1619acb5b862,連俊男,8
6205370f-1914-40a7-8581-1619acb5b862,陳葦澤,1
6205370f-1914-40a7-8581-1619acb5b862,牛煦庭,4
6205370f-1914-40a7-8581-1619acb5b862,陳泓維,9
6205370f-1914-40a7-8581-1619acb5b862,陳雅倫,7
6205370f-1914-40a7-8581-1619acb5b862,李宗豪,3
6205370f-1914-40a7-8581-1619acb5b862,黃偉群,5
6205370f-1914-40a7-8581-1619acb5b862,簡僑亨,2
6205370f-1914-40a7-8581-1619acb5b862,林明義,8
6205370f-1914-40a7-8581-1619acb5b862,孫韻璇,6
62053715-d770-45f1-8ff9-1619acb5b862,呂宇晟,4
62053715-d770-45f1-8ff9-1619acb5b862,蔡永芳,8
62053715-d770-45f1-8ff9-1619acb5b862,朱珍瑤,7
62053715-d770-45f1-8ff9-1619acb5b862,呂林小鳳,6
62053715-d770-45f1-8ff9-1619acb5b862,楊朝偉,2
62053715-d770-45f1-8ff9-1619acb5b862,張碩芬,9
62053715-d770-45f1-8ff9-1619acb5b862,邱述文,11
62053715-d770-45f1-8ff9-1619acb5b862,許家睿,1
62053715-d770-45f1-8ff9-1619acb5b862,段樹文,5
62053715-d770-45f1-8ff9-1619acb5b862,趙宏勳,10
62053715-d770-45f1-8ff9-1619acb5b862,伍世文,3
62053705-3518-4a68-a4df-1619acb5b862,林志評,5
62053705-3518-4a68-a4df-1619acb5b862,黃國晏,4
62053705-3518-4a68-a4df-1619acb5b862,劉勝全,10
62053705-3518-4a68-a4df-1619acb5b862,許清順,6
62053705-3518-4a68-a4df-1619acb5b862,徐鈺雯,8
62053705-3518-4a68-a4df-1619acb5b862,郭麗華,2
62053705-3518-4a68-a4df-1619acb5b862,張桂綿,3
62053705-3518-4a68-a4df-1619acb5b862,余適霖,1
62053705-3518-4a68-a4df-1619acb5b862,錢龍,9
62053705-3518-4a68-a4df-1619acb5b862,林宥辰,7
6205370c-9f4c-40ff-a5e1-1619acb5b862,游吾和,3
6205370c-9f4c-40ff-a5e1-1619acb5b862,林清松,1
6205370c-9f4c-40ff-a5e1-1619acb5b862,徐其萬,2
620536f8-133c-41aa-9a01-1619acb5b862,陳治文,1
620536f8-133c-41aa-9a01-1619acb5b862,李柏坊,2
620536f8-133c-41aa-9a01-1619acb5b862,徐慈檉,3
620536e9-a56c-41cd-bdd6-1619acb5b862,林佳瑋,8
620536e9-a56c-41cd-bdd6-1619acb5b862,梁為超,23
620536e9-a56c-41cd-bdd6-1619acb5b862,簡維成,16
620536e9-a56c-41cd-bdd6-1619acb5b862,毛嘉慶,20
620536e9-a56c-41cd-bdd6-1619acb5b862,張曉昀,9
620536e9-a56c-41cd-bdd6-1619acb5b862,彭俊豪,5
620536e9-a56c-41cd-bdd6-1619acb5b862,林昭印,22
620536e9-a56c-41cd-bdd6-1619acb5b862,吳正吉,11
620536e9-a56c-41cd-bdd6-1619acb5b862,游智彬,19
620536e9-a56c-41cd-bdd6-1619acb5b862,葉明月,13
620536e9-a56c-41cd-bdd6-1619acb5b862,邱奕勝,14
620536e9-a56c-41cd-bdd6-1619acb5b862,徐景文,1
620536e9-a56c-41cd-bdd6-1619acb5b862,黃柏儒,6
620536e9-a56c-41cd-bdd6-1619acb5b862,黃崇真,10
620536e9-a56c-41cd-bdd6-1619acb5b862,魏筠,17
620536e9-a56c-41cd-bdd6-1619acb5b862,楊翊堂,18
620536e9-a56c-41cd-bdd6-1619acb5b862,劉安祺,21
620536e9-a56c-41cd-bdd6-1619acb5b862,劉曾玉春,4
620536e9-a56c-41cd-bdd6-1619acb5b862,謝美英,2
620536e9-a56c-41cd-bdd6-1619acb5b862,邱仁德,12
620536e9-a56c-41cd-bdd6-1619acb5b862,吳嘉和,15
620536e9-a56c-41cd-bdd6-1619acb5b862,李荳芽,7
620536e9-a56c-41cd-bdd6-1619acb5b862,謝克洋,3
62053724-56ac-45aa-a4f5-1619acb5b862,楊家俍,7
62053724-56ac-45aa-a4f5-1619acb5b862,高宇彥,4
62053724-56ac-45aa-a4f5-1619acb5b862,曾姸潔,6
62053724-56ac-45aa-a4f5-1619acb5b862,劉仁照,9
62053724-56ac-45aa-a4f5-1619acb5b862,王珮毓,12
62053724-56ac-45aa-a4f5-1619acb5b862,黃敬平,3
62053724-56ac-45aa-a4f5-1619acb5b862,陳韋曄,10
62053724-56ac-45aa-a4f5-1619acb5b862,舒翠玲,8
62053724-56ac-45aa-a4f5-1619acb5b862,劉邦鉉,1
62053724-56ac-45aa-a4f5-1619acb5b862,陳羽凡,11
62053724-56ac-45aa-a4f5-1619acb5b862,黃永欽,5
62053724-56ac-45aa-a4f5-1619acb5b862,朱哲成,2
620536fd-d018-4f47-9e60-1619acb5b862,蕭立妍,1
620536fd-d018-4f47-9e60-1619acb5b862,張清俊,4
620536fd-d018-4f47-9e60-1619acb5b862,鄭淑方,5
620536fd-d018-4f47-9e60-1619acb5b862,周玉琴,2
620536fd-d018-4f47-9e60-1619acb5b862,涂權吉,3
620536fd-d018-4f47-9e60-1619acb5b862,李家興,6
620536da-6840-44c5-8705-1619acb5b862,張肇良,5
620536da-6840-44c5-8705-1619acb5b862,林昭賢,2
620536da-6840-44c5-8705-1619acb5b862,徐玉樹,4
620536da-6840-44c5-8705-1619acb5b862,劉哲夫,3
620536da-6840-44c5-8705-1619acb5b862,劉熒隆,1
620536da-6840-44c5-8705-1619acb5b862,陳睿生,2
620536da-6840-44c5-8705-1619acb5b862,邱文威,1
620536da-6840-44c5-8705-1619acb5b862,郭蔡美英,5
620536da-6840-44c5-8705-1619acb5b862,吳進昌,4
620536da-6840-44c5-8705-1619acb5b862,戴兆華,6
620536da-6840-44c5-8705-1619acb5b862,許更生,1
620536da-6840-44c5-8705-1619acb5b862,吳宗憲,3
620536da-6840-44c5-8705-1619acb5b862,江承洲,2
620536da-6840-44c5-8705-1619acb5b862,林志強,1
620536da-6840-44c5-8705-1619acb5b862,王仙蓮,5
620536da-6840-44c5-8705-1619acb5b862,楊進福,2
620536da-6840-44c5-8705-1619acb5b862,林春蘭,4
620536da-6840-44c5-8705-1619acb5b862,張秀菊,3
620536da-6840-44c5-8705-1619acb5b862,蔡惠蘭,7
620536da-6840-44c5-8705-1619acb5b862,蘇偉恩,3
620536da-6840-44c5-8705-1619acb5b862,邱志成,4
620536da-6840-44c5-8705-1619acb5b862,陳瑛,7
620536da-6840-44c5-8705-1619acb5b862,周星文,2
620536da-6840-44c5-8705-1619acb5b862,簡志偉,5
620536da-6840-44c5-8705-1619acb5b862,湯宏鈞,6
6205411b-3198-48da-8955-1619acb5b862,施志昌,2
6205411b-3198-48da-8955-1619acb5b862,吳敏濟,4
6205411b-3198-48da-8955-1619acb5b862,李文傑,1
6205411b-3198-48da-8955-1619acb5b862,楊啓邦,3
62054127-3b9c-4233-9c28-1619acb5b862,王立任,4
62054127-3b9c-4233-9c28-1619acb5b862,楊典忠,6
62054127-3b9c-4233-9c28-1619acb5b862,尤碧鈴,3
62054127-3b9c-4233-9c28-1619acb5b862,顏莉敏,8
62054127-3b9c-4233-9c28-1619acb5b862,紀金豐,7
62054127-3b9c-4233-9c28-1619acb5b862,張清照,5
62054127-3b9c-4233-9c28-1619acb5b862,陳廷秀,1
62054127-3b9c-4233-9c28-1619acb5b862,陳怡萱,2
62054127-3b9c-4233-9c28-1619acb5b862,陳奇勳,9
6205416f-5d28-4699-9259-1619acb5b862,林昊佑,1
6205416f-5d28-4699-9259-1619acb5b862,曾威,2
6205416f-5d28-4699-9259-1619acb5b862,陳玄曄,6
6205416f-5d28-4699-9259-1619acb5b862,張家銨,5
6205416f-5d28-4699-9259-1619acb5b862,宋柏誼,4
6205416f-5d28-4699-9259-1619acb5b862,吳瓊華,9
6205416f-5d28-4699-9259-1619acb5b862,林孟令,3
6205416f-5d28-4699-9259-1619acb5b862,魏嘉慶,7
6205416f-5d28-4699-9259-1619acb5b862,楊文元,8
62054102-fdd8-4157-8d73-1619acb5b862,陳清龍,10
62054102-fdd8-4157-8d73-1619acb5b862,陳若庭,1
62054102-fdd8-4157-8d73-1619acb5b862,謝志忠,6
62054102-fdd8-4157-8d73-1619acb5b862,廖芝晏,4
62054102-fdd8-4157-8d73-1619acb5b862,王朝坤,x
62054102-fdd8-4157-8d73-1619acb5b862,邱愛珊,7
62054102-fdd8-4157-8d73-1619acb5b862,陳本添,2
62054102-fdd8-4157-8d73-1619acb5b862,張瀞分,3
62054102-fdd8-4157-8d73-1619acb5b862,蔡怡萱,11
62054102-fdd8-4157-8d73-1619acb5b862,傅智恒,8
62054102-fdd8-4157-8d73-1619acb5b862,翁美春,5
62054102-fdd8-4157-8d73-1619acb5b862,黃朝淵,9
62054149-46b8-4a04-a3a9-1619acb5b862,張睿倉,12
62054149-46b8-4a04-a3a9-1619acb5b862,吳呈賢,11
62054149-46b8-4a04-a3a9-1619acb5b862,林義偉,5
62054149-46b8-4a04-a3a9-1619acb5b862,周永鴻,3
62054149-46b8-4a04-a3a9-1619acb5b862,羅永珍,8
62054149-46b8-4a04-a3a9-1619acb5b862,蕭隆澤,2
62054149-46b8-4a04-a3a9-1619acb5b862,黃威堯,1
62054149-46b8-4a04-a3a9-1619acb5b862,徐瑄灃,4
62054149-46b8-4a04-a3a9-1619acb5b862,賴朝國,9
62054149-46b8-4a04-a3a9-1619acb5b862,黃郁芩,10
62054149-46b8-4a04-a3a9-1619acb5b862,鄭勁節,6
62054149-46b8-4a04-a3a9-1619acb5b862,邢振華,7
620540d8-b924-4427-af35-1619acb5b862,曾崇芳,7
620540d8-b924-4427-af35-1619acb5b862,林祈烽,3
620540d8-b924-4427-af35-1619acb5b862,陳淑華,4
620540d8-b924-4427-af35-1619acb5b862,張廖乃綸,5
620540d8-b924-4427-af35-1619acb5b862,張仲翹,8
620540d8-b924-4427-af35-1619acb5b862,楊大鋐,6
620540d8-b924-4427-af35-1619acb5b862,黃馨慧,2
620540d8-b924-4427-af35-1619acb5b862,羅東霖,1
620540e8-704c-4e47-92c9-1619acb5b862,洪鑫任,6
620540e8-704c-4e47-92c9-1619acb5b862,劉士州,5
620540e8-704c-4e47-92c9-1619acb5b862,何坤鑫,2
620540e8-704c-4e47-92c9-1619acb5b862,張耀中,3
620540e8-704c-4e47-92c9-1619acb5b862,何文海,4
620540e8-704c-4e47-92c9-1619acb5b862,吳佩芸,1
620540e8-704c-4e47-92c9-1619acb5b862,朱暖英,7
620540f1-d21c-4c35-8bb1-1619acb5b862,段體佩,11
620540f1-d21c-4c35-8bb1-1619acb5b862,楊欣怡,12
620540f1-d21c-4c35-8bb1-1619acb5b862,蔡雅玲,10
620540f1-d21c-4c35-8bb1-1619acb5b862,邱于珊,5
620540f1-d21c-4c35-8bb1-1619acb5b862,李文基,4
620540f1-d21c-4c35-8bb1-1619acb5b862,謝家宜,6
620540f1-d21c-4c35-8bb1-1619acb5b862,彭振芳,7
620540f1-d21c-4c35-8bb1-1619acb5b862,賴順仁,9
620540f1-d21c-4c35-8bb1-1619acb5b862,曾朝榮,3
620540f1-d21c-4c35-8bb1-1619acb5b862,沈佑蓮,1
620540f1-d21c-4c35-8bb1-1619acb5b862,黃健豪,8
620540f1-d21c-4c35-8bb1-1619acb5b862,陳成添,2
620540ca-21e8-43a8-a02a-1619acb5b862,陳俞融,5
620540ca-21e8-43a8-a02a-1619acb5b862,賴佳微,2
620540ca-21e8-43a8-a02a-1619acb5b862,陳文政,3
620540ca-21e8-43a8-a02a-1619acb5b862,林欣德,4
620540ca-21e8-43a8-a02a-1619acb5b862,陳政顯,1
6205411b-3198-48da-8955-1619acb5b862,黃守達,3
6205411b-3198-48da-8955-1619acb5b862,許瑞宏,7
6205411b-3198-48da-8955-1619acb5b862,江肇國,4
6205411b-3198-48da-8955-1619acb5b862,紀文清,1
6205411b-3198-48da-8955-1619acb5b862,黃敬傑,5
6205411b-3198-48da-8955-1619acb5b862,張彥彤,6
6205411b-3198-48da-8955-1619acb5b862,林京玲,2
6205411b-3198-48da-8955-1619acb5b862,翁俊楠,4
6205411b-3198-48da-8955-1619acb5b862,羅廷瑋,6
6205411b-3198-48da-8955-1619acb5b862,鄭功進,11
6205411b-3198-48da-8955-1619acb5b862,何昆霖,1
6205411b-3198-48da-8955-1619acb5b862,陳雅惠,8
6205411b-3198-48da-8955-1619acb5b862,李中,7
6205411b-3198-48da-8955-1619acb5b862,張鈺偵,2
6205411b-3198-48da-8955-1619acb5b862,林霈涵,10
6205411b-3198-48da-8955-1619acb5b862,林俊凱,9
6205411b-3198-48da-8955-1619acb5b862,徐小媚,3
6205411b-3198-48da-8955-1619acb5b862,林文仲,5
6205411b-3198-48da-8955-1619acb5b862,黃佳恬,7
6205411b-3198-48da-8955-1619acb5b862,林宜蓁,4
6205411b-3198-48da-8955-1619acb5b862,賴義鍠,3
6205411b-3198-48da-8955-1619acb5b862,葉諾凡,5
6205411b-3198-48da-8955-1619acb5b862,張玉嬿,1
6205411b-3198-48da-8955-1619acb5b862,蔡耀頡,6
6205411b-3198-48da-8955-1619acb5b862,吳吉森,2
6205411b-3198-48da-8955-1619acb5b862,江和樹,7
6205411b-3198-48da-8955-1619acb5b862,林子傑,11
6205411b-3198-48da-8955-1619acb5b862,張滄沂,8
6205411b-3198-48da-8955-1619acb5b862,段中仁,5
6205411b-3198-48da-8955-1619acb5b862,林德宇,6
6205411b-3198-48da-8955-1619acb5b862,張芬郁,2
6205411b-3198-48da-8955-1619acb5b862,李天生,14
6205411b-3198-48da-8955-1619acb5b862,蘇柏興,9
6205411b-3198-48da-8955-1619acb5b862,鄭伯其,12
6205411b-3198-48da-8955-1619acb5b862,林碧秀,1
6205411b-3198-48da-8955-1619acb5b862,薛安琪,3
6205411b-3198-48da-8955-1619acb5b862,鄒明諺,10
6205411b-3198-48da-8955-1619acb5b862,陳裕承,13
6205411b-3198-48da-8955-1619acb5b862,楊偉浚,4
6205411b-3198-48da-8955-1619acb5b862,吳振嘉,1
6205411b-3198-48da-8955-1619acb5b862,徐煊博,4
6205411b-3198-48da-8955-1619acb5b862,蔡成圭,3
6205411b-3198-48da-8955-1619acb5b862,賴裕銘,2
6205411b-3198-48da-8955-1619acb5b862,冉齡軒,5
6205411b-3198-48da-8955-1619acb5b862,黃仁,4
6205411b-3198-48da-8955-1619acb5b862,吳建德,5
6205411b-3198-48da-8955-1619acb5b862,江愛珍,1
6205411b-3198-48da-8955-1619acb5b862,洪志明,3
6205411b-3198-48da-8955-1619acb5b862,林清發,2
6205411b-3198-48da-8955-1619acb5b862,古秀英,2
6205411b-3198-48da-8955-1619acb5b862,林榮進,3
6205411b-3198-48da-8955-1619acb5b862,劉新仁,1
6205411b-3198-48da-8955-1619acb5b862,朱元宏,2
6205411b-3198-48da-8955-1619acb5b862,孫造雄,1
6205411b-3198-48da-8955-1619acb5b862,柯靜志,3
620541aa-e3e0-431b-a5b5-1619acb5b862,張世賢,7
620541aa-e3e0-431b-a5b5-1619acb5b862,王宣貿,8
620541aa-e3e0-431b-a5b5-1619acb5b862,廖志峯,3
620541aa-e3e0-431b-a5b5-1619acb5b862,蔡育輝,1
620541aa-e3e0-431b-a5b5-1619acb5b862,沈家鳳,2
620541aa-e3e0-431b-a5b5-1619acb5b862,李宗翰,9
620541aa-e3e0-431b-a5b5-1619acb5b862,姚正玉,6
620541aa-e3e0-431b-a5b5-1619acb5b862,趙昆原,4
620541aa-e3e0-431b-a5b5-1619acb5b862,劉米山,5
620541fa-398c-4cb1-b547-1619acb5b862,黄建昌,9
620541fa-398c-4cb1-b547-1619acb5b862,謝舒凡,3
620541fa-398c-4cb1-b547-1619acb5b862,蔡蘇秋金,2
620541fa-398c-4cb1-b547-1619acb5b862,蔡秋蘭,1
620541fa-398c-4cb1-b547-1619acb5b862,方一峰,7
620541fa-398c-4cb1-b547-1619acb5b862,蔣琦君,6
620541fa-398c-4cb1-b547-1619acb5b862,陳昆和,4
620541dc-0380-46ad-b726-1619acb5b862,郭秀珠,5
620541dc-0380-46ad-b726-1619acb5b862,陳沛然,2
620541dc-0380-46ad-b726-1619acb5b862,吳通龍,6
620541dc-0380-46ad-b726-1619acb5b862,尤榮智,3
620541dc-0380-46ad-b726-1619acb5b862,陳秋宏,1
620541dc-0380-46ad-b726-1619acb5b862,姜雨良,4
6205423d-1780-4201-982b-1619acb5b862,陳福慶,2
6205423d-1780-4201-982b-1619acb5b862,周奕齊,1
62054220-1ac8-4368-8513-1619acb5b862,林全忠,6
62054220-1ac8-4368-8513-1619acb5b862,廖俊道,1
62054220-1ac8-4368-8513-1619acb5b862,余柷青,7
62054220-1ac8-4368-8513-1619acb5b862,陳碧玉,5
62054220-1ac8-4368-8513-1619acb5b862,林志展,9
62054220-1ac8-4368-8513-1619acb5b862,李偉智,3
62054220-1ac8-4368-8513-1619acb5b862,李文俊,2
62054220-1ac8-4368-8513-1619acb5b862,王清崎,8
62054220-1ac8-4368-8513-1619acb5b862,洪岳銘,4
620542aa-cee4-4c60-85fa-1619acb5b862,蔡麗青,12
620542aa-cee4-4c60-85fa-1619acb5b862,陳建大明,3
620542aa-cee4-4c60-85fa-1619acb5b862,王明彥,1
620542aa-cee4-4c60-85fa-1619acb5b862,陳進星,5
620542aa-cee4-4c60-85fa-1619acb5b862,郭信良,4
620542aa-cee4-4c60-85fa-1619acb5b862,陳詩薇,6
620542aa-cee4-4c60-85fa-1619acb5b862,郭清華,7
620542aa-cee4-4c60-85fa-1619acb5b862,李中岑,10
620542aa-cee4-4c60-85fa-1619acb5b862,王錦德,14
620542aa-cee4-4c60-85fa-1619acb5b862,童小芸,13
620542aa-cee4-4c60-85fa-1619acb5b862,黃麗招,5
620542aa-cee4-4c60-85fa-1619acb5b862,邱昭勝,2
620542aa-cee4-4c60-85fa-1619acb5b862,林緯,8
620542aa-cee4-4c60-85fa-1619acb5b862,陳瑜緁,11
62054269-890c-4687-90c9-1619acb5b862,黃肇輝,9
62054269-890c-4687-90c9-1619acb5b862,林易瑩,15
62054269-890c-4687-90c9-1619acb5b862,吳依潔,4
62054269-890c-4687-90c9-1619acb5b862,馬杰睿,10
62054269-890c-4687-90c9-1619acb5b862,許崇洲,8
62054269-890c-4687-90c9-1619acb5b862,蔡明峰,13
62054269-890c-4687-90c9-1619acb5b862,李鎮國,7
62054269-890c-4687-90c9-1619acb5b862,朱正軒,11
62054269-890c-4687-90c9-1619acb5b862,陳秋萍,1
62054269-890c-4687-90c9-1619acb5b862,林燕祝,3
62054269-890c-4687-90c9-1619acb5b862,江品璁,14
62054269-890c-4687-90c9-1619acb5b862,林冠維,12
62054269-890c-4687-90c9-1619acb5b862,陳世霖,6
62054269-890c-4687-90c9-1619acb5b862,杜雪吟,2
62054269-890c-4687-90c9-1619acb5b862,楊中成,5
62054299-68b4-4935-8dbd-1619acb5b862,李冠霖,8
62054299-68b4-4935-8dbd-1619acb5b862,許至椿,6
62054299-68b4-4935-8dbd-1619acb5b862,沈震東,7
62054299-68b4-4935-8dbd-1619acb5b862,周嘉韋,10
62054299-68b4-4935-8dbd-1619acb5b862,陳怡珍,3
62054299-68b4-4935-8dbd-1619acb5b862,邱莉莉,1
62054299-68b4-4935-8dbd-1619acb5b862,江明宗,2
62054299-68b4-4935-8dbd-1619acb5b862,蔡宗豪,4
62054299-68b4-4935-8dbd-1619acb5b862,李晉豪,9
62054299-68b4-4935-8dbd-1619acb5b862,高凱旋,5
6205428a-c4b4-4bc6-8f81-1619acb5b862,林依婷,6
6205428a-c4b4-4bc6-8f81-1619acb5b862,陳嘉伶,4
6205428a-c4b4-4bc6-8f81-1619acb5b862,盧崑福,1
6205428a-c4b4-4bc6-8f81-1619acb5b862,莊玉珠,9
6205428a-c4b4-4bc6-8f81-1619acb5b862,蔡淑惠,11
6205428a-c4b4-4bc6-8f81-1619acb5b862,呂維胤,10
6205428a-c4b4-4bc6-8f81-1619acb5b862,李啓維,8
6205428a-c4b4-4bc6-8f81-1619acb5b862,林美燕,2
6205428a-c4b4-4bc6-8f81-1619acb5b862,周麗津,3
6205428a-c4b4-4bc6-8f81-1619acb5b862,陳冠娟,5
6205428a-c4b4-4bc6-8f81-1619acb5b862,李伯利,7
620541aa-e3e0-431b-a5b5-1619acb5b862,陳世安,9
620541aa-e3e0-431b-a5b5-1619acb5b862,李宗霖,1
620541aa-e3e0-431b-a5b5-1619acb5b862,蔡宛秦,6
620541aa-e3e0-431b-a5b5-1619acb5b862,王家貞,8
620541aa-e3e0-431b-a5b5-1619acb5b862,蔡筱薇,2
620541aa-e3e0-431b-a5b5-1619acb5b862,陳金鐘,4
620541aa-e3e0-431b-a5b5-1619acb5b862,曾之婕,5
620541aa-e3e0-431b-a5b5-1619acb5b862,蔡旺詮,7
620541aa-e3e0-431b-a5b5-1619acb5b862,邱瓊儀,10
620541aa-e3e0-431b-a5b5-1619acb5b862,曾培雅,3
620541aa-e3e0-431b-a5b5-1619acb5b862,翁語含,5
620541aa-e3e0-431b-a5b5-1619acb5b862,江國銘,3
620541aa-e3e0-431b-a5b5-1619acb5b862,許又仁,4
620541aa-e3e0-431b-a5b5-1619acb5b862,陳皇宇,2
620541aa-e3e0-431b-a5b5-1619acb5b862,郭鴻儀,7
620541aa-e3e0-431b-a5b5-1619acb5b862,吳禹寰,6
620541aa-e3e0-431b-a5b5-1619acb5b862,杜素吟,8
620541aa-e3e0-431b-a5b5-1619acb5b862,鄭佳欣,1
620541aa-e3e0-431b-a5b5-1619acb5b862,李美素,1
620541aa-e3e0-431b-a5b5-1619acb5b862,賴惠美,1
620541aa-e3e0-431b-a5b5-1619acb5b862,伍宗康,2
62053eee-9bcc-4be4-9455-1619acb5b862,林富寶,4
62053eee-9bcc-4be4-9455-1619acb5b862,朱信強,1
62053eee-9bcc-4be4-9455-1619acb5b862,林慧欣,3
62053eee-9bcc-4be4-9455-1619acb5b862,林義迪,2
62053ec5-cc2c-4bc4-a73c-1619acb5b862,陳明澤,2
62053ec5-cc2c-4bc4-a73c-1619acb5b862,李亞築,1
62053ec5-cc2c-4bc4-a73c-1619acb5b862,李柏融,4
62053ec5-cc2c-4bc4-a73c-1619acb5b862,黃明太,5
62053ec5-cc2c-4bc4-a73c-1619acb5b862,鄭東元,3
62053eab-bc18-4f07-8b60-1619acb5b862,陳慶鴻,8
62053eab-bc18-4f07-8b60-1619acb5b862,林志誠,3
62053eab-bc18-4f07-8b60-1619acb5b862,黃秋媖,6
62053eab-bc18-4f07-8b60-1619acb5b862,劉航遠,2
62053eab-bc18-4f07-8b60-1619acb5b862,方信淵,1
62053eab-bc18-4f07-8b60-1619acb5b862,黃思學,5
62053eab-bc18-4f07-8b60-1619acb5b862,陸淑美,7
62053eab-bc18-4f07-8b60-1619acb5b862,宋立彬,4
62053dcd-c284-4648-84b7-1619acb5b862,黃偵琳,17
62053dcd-c284-4648-84b7-1619acb5b862,陳善慧,4
62053dcd-c284-4648-84b7-1619acb5b862,柳淑芳,14
62053dcd-c284-4648-84b7-1619acb5b862,李柏毅,2
62053dcd-c284-4648-84b7-1619acb5b862,李雅慧,9
62053dcd-c284-4648-84b7-1619acb5b862,陳子瑜,18
62053dcd-c284-4648-84b7-1619acb5b862,鄭侑青,12
62053dcd-c284-4648-84b7-1619acb5b862,黃文志,16
62053dcd-c284-4648-84b7-1619acb5b862,陳麗珍,13
62053dcd-c284-4648-84b7-1619acb5b862,劉宥廷,7
62053dcd-c284-4648-84b7-1619acb5b862,陳玫娟,19
62053dcd-c284-4648-84b7-1619acb5b862,劉文晏,1
62053dcd-c284-4648-84b7-1619acb5b862,莊貽量,15
62053dcd-c284-4648-84b7-1619acb5b862,謝天助,8
62053dcd-c284-4648-84b7-1619acb5b862,白喬茵,3
62053dcd-c284-4648-84b7-1619acb5b862,李眉蓁,6
62053dcd-c284-4648-84b7-1619acb5b862,蘇柏銓,20
62053dcd-c284-4648-84b7-1619acb5b862,李雅芬,10
62053dcd-c284-4648-84b7-1619acb5b862,吳佩蓉,5
62053dcd-c284-4648-84b7-1619acb5b862,蘇博廷,11
62053e95-b330-4728-87a8-1619acb5b862,邱俊憲,10
62053e95-b330-4728-87a8-1619acb5b862,黃飛鳳,1
62053e95-b330-4728-87a8-1619acb5b862,陳清茂,8
62053e95-b330-4728-87a8-1619acb5b862,張勝富,7
62053e95-b330-4728-87a8-1619acb5b862,江瑞鴻,6
62053e95-b330-4728-87a8-1619acb5b862,張婷婷,11
62053e95-b330-4728-87a8-1619acb5b862,劉佳達,5
62053e95-b330-4728-87a8-1619acb5b862,王齡嬌,9
62053e95-b330-4728-87a8-1619acb5b862,吳彥輝,12
62053e95-b330-4728-87a8-1619acb5b862,陳惠君,13
62053e95-b330-4728-87a8-1619acb5b862,張惟晴,4
62053e95-b330-4728-87a8-1619acb5b862,吳利成,2
62053e95-b330-4728-87a8-1619acb5b862,謝誌峰,3
62053dac-d97c-48f8-8974-1619acb5b862,簡煥宗,3
62053dac-d97c-48f8-8974-1619acb5b862,李喬如,4
62053dac-d97c-48f8-8974-1619acb5b862,蔡金晏,1
62053dac-d97c-48f8-8974-1619acb5b862,劉家榮,5
62053dac-d97c-48f8-8974-1619acb5b862,陳美雅,2
62053deb-5f5c-4f86-aaba-1619acb5b862,陳建良,2
62053deb-5f5c-4f86-aaba-1619acb5b862,林武忠,9
62053deb-5f5c-4f86-aaba-1619acb5b862,何權峰,3
62053deb-5f5c-4f86-aaba-1619acb5b862,康裕成,11
62053deb-5f5c-4f86-aaba-1619acb5b862,張博洋,6
62053deb-5f5c-4f86-aaba-1619acb5b862,鄭孟洳,8
62053deb-5f5c-4f86-aaba-1619acb5b862,童燕珍,10
62053deb-5f5c-4f86-aaba-1619acb5b862,黃柏霖,12
62053deb-5f5c-4f86-aaba-1619acb5b862,林于凱,5
62053deb-5f5c-4f86-aaba-1619acb5b862,王文心,4
62053deb-5f5c-4f86-aaba-1619acb5b862,黃香菽,13
62053deb-5f5c-4f86-aaba-1619acb5b862,曾俊傑,7
62053deb-5f5c-4f86-aaba-1619acb5b862,李佳玲,1
62053e0d-99bc-48f0-8702-1619acb5b862,湯詠瑜,5
62053e0d-99bc-48f0-8702-1619acb5b862,黃文益,8
62053e0d-99bc-48f0-8702-1619acb5b862,郭建盟,1
62053e0d-99bc-48f0-8702-1619acb5b862,陳若翠,2
62053e0d-99bc-48f0-8702-1619acb5b862,黃紹庭,7
62053e0d-99bc-48f0-8702-1619acb5b862,許釆蓁,3
62053e0d-99bc-48f0-8702-1619acb5b862,劉景裕,4
62053e0d-99bc-48f0-8702-1619acb5b862,吳益政,6
62053e65-5fd8-4fc0-9717-1619acb5b862,蘇致榮,11
62053e65-5fd8-4fc0-9717-1619acb5b862,徐尚賢,14
62053e65-5fd8-4fc0-9717-1619acb5b862,羅章譽,2
62053e65-5fd8-4fc0-9717-1619acb5b862,林智鴻,12
62053e65-5fd8-4fc0-9717-1619acb5b862,張漢忠,15
62053e65-5fd8-4fc0-9717-1619acb5b862,李雨蓁,1
62053e65-5fd8-4fc0-9717-1619acb5b862,黃捷,8
62053e65-5fd8-4fc0-9717-1619acb5b862,陳慧文,9
62053e65-5fd8-4fc0-9717-1619acb5b862,鄭安秝,7
62053e65-5fd8-4fc0-9717-1619acb5b862,李雅靜,3
62053e65-5fd8-4fc0-9717-1619acb5b862,劉德林,6
62053e65-5fd8-4fc0-9717-1619acb5b862,陳妙真,5
62053e65-5fd8-4fc0-9717-1619acb5b862,鍾易仲,4
62053e65-5fd8-4fc0-9717-1619acb5b862,顧崇德,13
62053e65-5fd8-4fc0-9717-1619acb5b862,廖國誌,10
62053eee-9bcc-4be4-9455-1619acb5b862,黃彥毓,10
62053eee-9bcc-4be4-9455-1619acb5b862,鄭光峰,3
62053eee-9bcc-4be4-9455-1619acb5b862,黃敬雅,9
62053eee-9bcc-4be4-9455-1619acb5b862,黃雍琇,4
62053eee-9bcc-4be4-9455-1619acb5b862,湯茹婷,13
62053eee-9bcc-4be4-9455-1619acb5b862,陳致中,5
62053eee-9bcc-4be4-9455-1619acb5b862,蔡武宏,12
62053eee-9bcc-4be4-9455-1619acb5b862,李順進,16
62053eee-9bcc-4be4-9455-1619acb5b862,于仙玲,8
62053eee-9bcc-4be4-9455-1619acb5b862,陳識明,15
62053eee-9bcc-4be4-9455-1619acb5b862,吳銘賜,11
62053eee-9bcc-4be4-9455-1619acb5b862,顏坤泉,1
62053eee-9bcc-4be4-9455-1619acb5b862,曾麗燕,7
62053eee-9bcc-4be4-9455-1619acb5b862,余宗熹,6
62053eee-9bcc-4be4-9455-1619acb5b862,朱挺玗,2
62053eee-9bcc-4be4-9455-1619acb5b862,陳麗娜,14
62053eee-9bcc-4be4-9455-1619acb5b862,韓賜村,10
62053eee-9bcc-4be4-9455-1619acb5b862,李雨庭,2
62053eee-9bcc-4be4-9455-1619acb5b862,洪村銘,3
62053eee-9bcc-4be4-9455-1619acb5b862,楊佩樺,6
62053eee-9bcc-4be4-9455-1619acb5b862,張雨柔,1
62053eee-9bcc-4be4-9455-1619acb5b862,王耀裕,7
62053eee-9bcc-4be4-9455-1619acb5b862,邱于軒,4
62053eee-9bcc-4be4-9455-1619acb5b862,李建輝,9
62053eee-9bcc-4be4-9455-1619acb5b862,黃天煌,8
62053eee-9bcc-4be4-9455-1619acb5b862,蔡永晶,5
62053eee-9bcc-4be4-9455-1619acb5b862,巫振興,2
62053eee-9bcc-4be4-9455-1619acb5b862,王義雄,1
62053eee-9bcc-4be4-9455-1619acb5b862,陳幸富,2
62053eee-9bcc-4be4-9455-1619acb5b862,葛姵瑩,1
62053eee-9bcc-4be4-9455-1619acb5b862,林錫閔,3
62053eee-9bcc-4be4-9455-1619acb5b862,賴文德,2
62053eee-9bcc-4be4-9455-1619acb5b862,林榮昊,2
62053739-978c-458f-ac63-1619acb5b862,范振揆,2
62053739-978c-458f-ac63-1619acb5b862,黃秀龍,1
62053739-978c-458f-ac63-1619acb5b862,周江杰,3
62053739-978c-458f-ac63-1619acb5b862,劉復嵐,5
62053739-978c-458f-ac63-1619acb5b862,楊文科,4
6205376a-f6cc-47a7-b755-1619acb5b862,宋國鼎,5
6205376a-f6cc-47a7-b755-1619acb5b862,徐定禎,4
6205376a-f6cc-47a7-b755-1619acb5b862,謝褔弘,2
6205376a-f6cc-47a7-b755-1619acb5b862,吳盛聖,3
6205376a-f6cc-47a7-b755-1619acb5b862,鍾東錦,1
620537bc-018c-417b-bb2b-1619acb5b862,王惠美,1
620537bc-018c-417b-bb2b-1619acb5b862,蕭仁正,3
620537bc-018c-417b-bb2b-1619acb5b862,黃秀芳,2
620538a7-8d64-41ae-b41a-1619acb5b862,許淑華,2
620538a7-8d64-41ae-b41a-1619acb5b862,蔡培慧,1
620538a7-8d64-41ae-b41a-1619acb5b862,王永慶,3
62053917-9464-43fd-b38b-1619acb5b862,劉建國,2
62053917-9464-43fd-b38b-1619acb5b862,張麗善,1
620539c0-9e44-43f0-8416-1619acb5b862,翁章梁,2
620539c0-9e44-43f0-8416-1619acb5b862,王育敏,1
62053a58-8830-4c2d-aa53-1619acb5b862,周春米,3
62053a58-8830-4c2d-aa53-1619acb5b862,蘇清泉,2
62053a58-8830-4c2d-aa53-1619acb5b862,詹智鈞,1
620536a2-6664-4e50-bd75-1619acb5b862,陳琬惠,6
620536a2-6664-4e50-bd75-1619acb5b862,陳秋境,4
620536a2-6664-4e50-bd75-1619acb5b862,朱振東,2
620536a2-6664-4e50-bd75-1619acb5b862,許鋐哲,3
620536a2-6664-4e50-bd75-1619acb5b862,林姿妙,1
620536a2-6664-4e50-bd75-1619acb5b862,江聰淵,5
62053b90-1278-4950-8ec7-1619acb5b862,徐榛蔚,1
62053b90-1278-4950-8ec7-1619acb5b862,黄師鵬,2
62053b39-467c-4637-aef0-1619acb5b862,劉櫂豪,3
62053b39-467c-4637-aef0-1619acb5b862,陳長宏,1
62053b39-467c-4637-aef0-1619acb5b862,饒慶鈴,2
62053bef-7b4c-41c6-9004-1619acb5b862,陳光復,1
62053bef-7b4c-41c6-9004-1619acb5b862,賴峰偉,2
62053bef-7b4c-41c6-9004-1619acb5b862,葉竹林,3
62053698-0210-404e-8eb3-1619acb5b862,李應文,1
62053698-0210-404e-8eb3-1619acb5b862,洪志恒,6
62053698-0210-404e-8eb3-1619acb5b862,楊鎮浯,4
62053698-0210-404e-8eb3-1619acb5b862,朱紀瑋,2
62053698-0210-404e-8eb3-1619acb5b862,陳福海,5
62053698-0210-404e-8eb3-1619acb5b862,林志錦,3
62053691-e7f8-4d8e-bd93-1619acb5b862,李問,1
62053691-e7f8-4d8e-bd93-1619acb5b862,曹爾元,2
62053691-e7f8-4d8e-bd93-1619acb5b862,王忠銘,3
62053c20-de90-4e2e-a3e0-1619acb5b862,蔡適應,3
62053c20-de90-4e2e-a3e0-1619acb5b862,黃希賢,5
62053c20-de90-4e2e-a3e0-1619acb5b862,曾國民,4
62053c20-de90-4e2e-a3e0-1619acb5b862,陳薇仲,2
62053c20-de90-4e2e-a3e0-1619acb5b862,謝國樑,1
62053c5d-acd8-4602-b505-1619acb5b862,高虹安,6
62053c5d-acd8-4602-b505-1619acb5b862,龔偉綸,2
62053c5d-acd8-4602-b505-1619acb5b862,林耕仁,3
62053c5d-acd8-4602-b505-1619acb5b862,沈慧虹,5
62053c5d-acd8-4602-b505-1619acb5b862,黃源甫,1
62053c5d-acd8-4602-b505-1619acb5b862,李驥羣,4
62053c8e-85fc-4230-8e7e-1619acb5b862,黃宏成台灣阿成世界偉人財神總統,5
62053c8e-85fc-4230-8e7e-1619acb5b862,李俊俋,6
62053c8e-85fc-4230-8e7e-1619acb5b862,蔡松益,2
62053c8e-85fc-4230-8e7e-1619acb5b862,陳泰山,4
62053c8e-85fc-4230-8e7e-1619acb5b862,黃敏惠,1
62053c8e-85fc-4230-8e7e-1619acb5b862,黃紹聰,3
6205373a-fe10-4bff-b3ca-1619acb5b862,吳旭智,7
6205373a-fe10-4bff-b3ca-1619acb5b862,蔡蕥鍹,2
6205373a-fe10-4bff-b3ca-1619acb5b862,許育綸,11
6205373a-fe10-4bff-b3ca-1619acb5b862,林禹佑,1
6205373a-fe10-4bff-b3ca-1619acb5b862,林祺軒,16
6205373a-fe10-4bff-b3ca-1619acb5b862,陳凱榮,18
6205373a-fe10-4bff-b3ca-1619acb5b862,歐陽霆,13
6205373a-fe10-4bff-b3ca-1619acb5b862,張珈源,6
6205373a-fe10-4bff-b3ca-1619acb5b862,王炳漢,8
6205373a-fe10-4bff-b3ca-1619acb5b862,林增堂,5
6205373a-fe10-4bff-b3ca-1619acb5b862,陳冠宇,3
6205373a-fe10-4bff-b3ca-1619acb5b862,杜文中,9
6205373a-fe10-4bff-b3ca-1619acb5b862,朱健銘,15
6205373a-fe10-4bff-b3ca-1619acb5b862,陳文得,20
6205373a-fe10-4bff-b3ca-1619acb5b862,范植華,10
6205373a-fe10-4bff-b3ca-1619acb5b862,連郁婷,19
6205373a-fe10-4bff-b3ca-1619acb5b862,陳立基,17
6205373a-fe10-4bff-b3ca-1619acb5b862,林碩彥,12
6205373a-fe10-4bff-b3ca-1619acb5b862,邱靖雅,14
6205373a-fe10-4bff-b3ca-1619acb5b862,蔡志環,4
6205373a-fe10-4bff-b3ca-1619acb5b862,鄭美琴,21
6205373a-fe10-4bff-b3ca-1619acb5b862,鄭福強,22
62053750-bd98-4983-82ec-1619acb5b862,陳栢誠,5
62053750-bd98-4983-82ec-1619acb5b862,萬正英,2
62053750-bd98-4983-82ec-1619acb5b862,羅美文,9
62053750-bd98-4983-82ec-1619acb5b862,陳德木,7
62053750-bd98-4983-82ec-1619acb5b862,齊占翔,4
62053750-bd98-4983-82ec-1619acb5b862,張燦堂,10
62053750-bd98-4983-82ec-1619acb5b862,何建樺,6
62053750-bd98-4983-82ec-1619acb5b862,吳菊花,3
62053750-bd98-4983-82ec-1619acb5b862,范振龍,1
62053750-bd98-4983-82ec-1619acb5b862,甄克堅,8
62053755-3c80-4121-9be1-1619acb5b862,何智達,3
62053755-3c80-4121-9be1-1619acb5b862,徐勝凌,1
62053755-3c80-4121-9be1-1619acb5b862,吳傳地,2
62053755-3c80-4121-9be1-1619acb5b862,張鎮榮,4
6205374b-55f4-4162-8cf6-1619acb5b862,吳發勝,2
6205374b-55f4-4162-8cf6-1619acb5b862,羅仕琦,3
6205374b-55f4-4162-8cf6-1619acb5b862,徐瑜新,1
62053747-6228-4b1a-a244-1619acb5b862,林保祿,3
62053747-6228-4b1a-a244-1619acb5b862,呂宛庭,1
62053747-6228-4b1a-a244-1619acb5b862,范曰富,2
6205375d-028c-413d-b6d0-1619acb5b862,張良印,1
6205375d-028c-413d-b6d0-1619acb5b862,張永奎,2
62053759-d400-4912-a844-1619acb5b862,劉代洋,2
62053759-d400-4912-a844-1619acb5b862,鄭昱芸,1
62053741-3d14-4f82-a31b-1619acb5b862,劉珈愷,x
62053741-3d14-4f82-a31b-1619acb5b862,范振港,15
62053741-3d14-4f82-a31b-1619acb5b862,呂幸潤,1
62053741-3d14-4f82-a31b-1619acb5b862,馮守亮,14
62053741-3d14-4f82-a31b-1619acb5b862,鄭朝鐘,5
62053741-3d14-4f82-a31b-1619acb5b862,林昭錡,3
62053741-3d14-4f82-a31b-1619acb5b862,楊昌德,7
62053741-3d14-4f82-a31b-1619acb5b862,鄭正,13
62053741-3d14-4f82-a31b-1619acb5b862,陳晏華,8
62053741-3d14-4f82-a31b-1619acb5b862,彭余美玲,12
62053741-3d14-4f82-a31b-1619acb5b862,上官秋燕,4
62053741-3d14-4f82-a31b-1619acb5b862,黃豪杰,16
62053741-3d14-4f82-a31b-1619acb5b862,余筱菁,11
62053741-3d14-4f82-a31b-1619acb5b862,彭致豪,9
62053741-3d14-4f82-a31b-1619acb5b862,范振東,2
62053741-3d14-4f82-a31b-1619acb5b862,劉興藻,10
62053741-3d14-4f82-a31b-1619acb5b862,林若宸,6
62053741-3d14-4f82-a31b-1619acb5b862,林子丞,17
62053763-6260-4df6-91ea-1619acb5b862,邱坤桶,1
6205373a-fe10-4bff-b3ca-1619acb5b862,范文鴻,2
6205373a-fe10-4bff-b3ca-1619acb5b862,王辰翔,1
6205373a-fe10-4bff-b3ca-1619acb5b862,湯惠鈴,3
6205373a-fe10-4bff-b3ca-1619acb5b862,法隆伊佑,1
6205373a-fe10-4bff-b3ca-1619acb5b862,劉建民,2
6205373a-fe10-4bff-b3ca-1619acb5b862,林世偉,1
6205373a-fe10-4bff-b3ca-1619acb5b862,張雁萍,2
6205373a-fe10-4bff-b3ca-1619acb5b862,張益生,1
6205376b-792c-4109-b60e-1619acb5b862,湯維岳,3
6205376b-792c-4109-b60e-1619acb5b862,禹耀東,1
6205376b-792c-4109-b60e-1619acb5b862,林志豪,7
6205376b-792c-4109-b60e-1619acb5b862,羅以明,8
6205376b-792c-4109-b60e-1619acb5b862,曾美露,2
6205376b-792c-4109-b60e-1619acb5b862,謝庚霖,15
6205376b-792c-4109-b60e-1619acb5b862,許櫻萍,4
6205376b-792c-4109-b60e-1619acb5b862,徐筱菁,10
6205376b-792c-4109-b60e-1619acb5b862,鄭碧玉,11
6205376b-792c-4109-b60e-1619acb5b862,楊明燁,16
6205376b-792c-4109-b60e-1619acb5b862,張志宇,5
6205376b-792c-4109-b60e-1619acb5b862,楊喬安,12
6205376b-792c-4109-b60e-1619acb5b862,余文忠,13
6205376b-792c-4109-b60e-1619acb5b862,黃萬盛,14
6205376b-792c-4109-b60e-1619acb5b862,孫素娥,6
6205376b-792c-4109-b60e-1619acb5b862,莊智凱,9
6205379a-8d34-4870-84ff-1619acb5b862,徐文達,2
6205379a-8d34-4870-84ff-1619acb5b862,羅貴星,5
6205379a-8d34-4870-84ff-1619acb5b862,黎尚安,1
6205379a-8d34-4870-84ff-1619acb5b862,黃芳椿,4
6205379a-8d34-4870-84ff-1619acb5b862,吳昌運,3
62053771-3d90-44fc-a09f-1619acb5b862,劉寶鈴,5
62053771-3d90-44fc-a09f-1619acb5b862,翁杰,7
62053771-3d90-44fc-a09f-1619acb5b862,周玉滿,6
62053771-3d90-44fc-a09f-1619acb5b862,陳品安,2
62053771-3d90-44fc-a09f-1619acb5b862,徐永煌,4
62053771-3d90-44fc-a09f-1619acb5b862,孟文源,8
62053771-3d90-44fc-a09f-1619acb5b862,張顧礫,1
62053771-3d90-44fc-a09f-1619acb5b862,傅郁揚,3
6205377c-fd24-4477-b810-1619acb5b862,林寶珠,4
6205377c-fd24-4477-b810-1619acb5b862,李文斌,1
6205377c-fd24-4477-b810-1619acb5b862,徐明傑,7
6205377c-fd24-4477-b810-1619acb5b862,謝大山,3
6205377c-fd24-4477-b810-1619acb5b862,廖英利,10
6205377c-fd24-4477-b810-1619acb5b862,葉忠倫,11
6205377c-fd24-4477-b810-1619acb5b862,邱毓興,2
6205377c-fd24-4477-b810-1619acb5b862,鄭秋風,12
6205377c-fd24-4477-b810-1619acb5b862,張佳玲,5
6205377c-fd24-4477-b810-1619acb5b862,吳亭亭,6
6205377c-fd24-4477-b810-1619acb5b862,陳碧華,8
6205377c-fd24-4477-b810-1619acb5b862,廖秀紅,14
6205377c-fd24-4477-b810-1619acb5b862,蕭國清,9
6205377c-fd24-4477-b810-1619acb5b862,謝端容,13
6205377c-fd24-4477-b810-1619acb5b862,劉治竑,x
62053782-22c0-4b05-a206-1619acb5b862,吳翌立,2
62053782-22c0-4b05-a206-1619acb5b862,李本欽,20
62053782-22c0-4b05-a206-1619acb5b862,鍾維發,19
62053782-22c0-4b05-a206-1619acb5b862,徐沄臻,15
62053782-22c0-4b05-a206-1619acb5b862,蕭詠萱,13
62053782-22c0-4b05-a206-1619acb5b862,陳詩弦,16
62053782-22c0-4b05-a206-1619acb5b862,徐功凡,17
62053782-22c0-4b05-a206-1619acb5b862,陳光軒,4
62053782-22c0-4b05-a206-1619acb5b862,陳永賢,12
62053782-22c0-4b05-a206-1619acb5b862,黃聲全,6
62053782-22c0-4b05-a206-1619acb5b862,李貴富,9
62053782-22c0-4b05-a206-1619acb5b862,曾宛菁,3
62053782-22c0-4b05-a206-1619acb5b862,温俊勇,10
62053782-22c0-4b05-a206-1619acb5b862,饒斯淵,14
62053782-22c0-4b05-a206-1619acb5b862,鄭聚然,21
62053782-22c0-4b05-a206-1619acb5b862,黎光明,1
62053782-22c0-4b05-a206-1619acb5b862,張淑芬,8
62053782-22c0-4b05-a206-1619acb5b862,黃桂坤,11
62053782-22c0-4b05-a206-1619acb5b862,曾玟學,5
62053782-22c0-4b05-a206-1619acb5b862,劉恭銘,18
62053782-22c0-4b05-a206-1619acb5b862,林志學,7
6205378f-06d8-4d0d-a273-1619acb5b862,陳春暖,4
6205378f-06d8-4d0d-a273-1619acb5b862,楊恭林,3
6205378f-06d8-4d0d-a273-1619acb5b862,盛瑛,1
6205378f-06d8-4d0d-a273-1619acb5b862,胡娘妹,2
6205376b-a824-4677-80db-1619acb5b862,朱仲一,1
620537bc-f418-45ff-add6-1619acb5b862,黃柏瑜,9
620537bc-f418-45ff-add6-1619acb5b862,許雅琳,10
620537bc-f418-45ff-add6-1619acb5b862,林茂明,3
620537bc-f418-45ff-add6-1619acb5b862,洪信獻,24
620537bc-f418-45ff-add6-1619acb5b862,吳明融,11
620537bc-f418-45ff-add6-1619acb5b862,李寶銀,1
620537bc-f418-45ff-add6-1619acb5b862,葉永清,19
620537bc-f418-45ff-add6-1619acb5b862,陳銌銌,7
620537bc-f418-45ff-add6-1619acb5b862,宋玅女,17
620537bc-f418-45ff-add6-1619acb5b862,黃千宴,15
620537bc-f418-45ff-add6-1619acb5b862,王孝裕,13
620537bc-f418-45ff-add6-1619acb5b862,辜皇譯,12
620537bc-f418-45ff-add6-1619acb5b862,温芝樺,14
620537bc-f418-45ff-add6-1619acb5b862,李成濟,6
620537bc-f418-45ff-add6-1619acb5b862,楊子賢,21
620537bc-f418-45ff-add6-1619acb5b862,曾煥程,18
620537bc-f418-45ff-add6-1619acb5b862,顧黃水花,2
620537bc-f418-45ff-add6-1619acb5b862,許原龍,5
620537bc-f418-45ff-add6-1619acb5b862,吳韋達,16
620537bc-f418-45ff-add6-1619acb5b862,蔡坤翰,23
620537bc-f418-45ff-add6-1619acb5b862,韓德生,22
620537bc-f418-45ff-add6-1619acb5b862,莊陞漢,8
620537bc-f418-45ff-add6-1619acb5b862,洪柏葳,20
620537bc-f418-45ff-add6-1619acb5b862,白玉如,4
620537d6-0150-4276-8c3a-1619acb5b862,葉國雄,9
620537d6-0150-4276-8c3a-1619acb5b862,郭燕陵,6
620537d6-0150-4276-8c3a-1619acb5b862,凃淑媚,4
620537d6-0150-4276-8c3a-1619acb5b862,黃俊源,7
620537d6-0150-4276-8c3a-1619acb5b862,楊竣程,1
620537d6-0150-4276-8c3a-1619acb5b862,鄭敬議,8
620537d6-0150-4276-8c3a-1619acb5b862,施佩妤,5
620537d6-0150-4276-8c3a-1619acb5b862,楊妙月,3
620537d6-0150-4276-8c3a-1619acb5b862,藍駿宇,2
620537e1-a8a4-4f9b-9c09-1619acb5b862,王國忠,5
620537e1-a8a4-4f9b-9c09-1619acb5b862,柯振杯,4
620537e1-a8a4-4f9b-9c09-1619acb5b862,賴清美,1
620537e1-a8a4-4f9b-9c09-1619acb5b862,林小琪,8
620537e1-a8a4-4f9b-9c09-1619acb5b862,周君綾,6
620537e1-a8a4-4f9b-9c09-1619acb5b862,林宗翰,3
620537e1-a8a4-4f9b-9c09-1619acb5b862,蕭文雄,2
620537e1-a8a4-4f9b-9c09-1619acb5b862,施嘉華,7
62053813-864c-49e6-aacb-1619acb5b862,鄭宇焱,11
62053813-864c-49e6-aacb-1619acb5b862,林俊毅,1
62053813-864c-49e6-aacb-1619acb5b862,張錦昆,9
62053813-864c-49e6-aacb-1619acb5b862,凃俊任,3
62053813-864c-49e6-aacb-1619acb5b862,曹嘉豪,4
62053813-864c-49e6-aacb-1619acb5b862,張雪如,2
62053813-864c-49e6-aacb-1619acb5b862,吳為杰,13
62053813-864c-49e6-aacb-1619acb5b862,張順畝,6
62053813-864c-49e6-aacb-1619acb5b862,賴澤民,12
62053813-864c-49e6-aacb-1619acb5b862,劉惠娟,10
62053813-864c-49e6-aacb-1619acb5b862,張欣倩,8
62053813-864c-49e6-aacb-1619acb5b862,詹閔雄,5
62053813-864c-49e6-aacb-1619acb5b862,黃正盛,7
62053813-864c-49e6-aacb-1619acb5b862,詹木根,14
62053822-d128-428a-b8c6-1619acb5b862,陳清峰,3
62053822-d128-428a-b8c6-1619acb5b862,洪本成,6
62053822-d128-428a-b8c6-1619acb5b862,歐陽蓁珠,7
62053822-d128-428a-b8c6-1619acb5b862,陳重嘉,2
62053822-d128-428a-b8c6-1619acb5b862,張春洋,5
62053822-d128-428a-b8c6-1619acb5b862,陳玉姫,4
62053822-d128-428a-b8c6-1619acb5b862,劉珊伶,1
6205382b-1898-4a54-8fc1-1619acb5b862,許書維,7
6205382b-1898-4a54-8fc1-1619acb5b862,蕭妤亘,5
6205382b-1898-4a54-8fc1-1619acb5b862,張諄萬,3
6205382b-1898-4a54-8fc1-1619acb5b862,劉景滄,4
6205382b-1898-4a54-8fc1-1619acb5b862,鄭俊雄,2
6205382b-1898-4a54-8fc1-1619acb5b862,詹琬惠,6
6205382b-1898-4a54-8fc1-1619acb5b862,宋鴻鈞,1
62053868-ae4c-4226-b409-1619acb5b862,李俊諭,3
62053868-ae4c-4226-b409-1619acb5b862,陳亞楠,8
62053868-ae4c-4226-b409-1619acb5b862,李浩誠,1
62053868-ae4c-4226-b409-1619acb5b862,謝典林,2
62053868-ae4c-4226-b409-1619acb5b862,劉淑芳,4
62053868-ae4c-4226-b409-1619acb5b862,黃盛祿,5
62053868-ae4c-4226-b409-1619acb5b862,吳錦潭,6
62053868-ae4c-4226-b409-1619acb5b862,江熊一楓,7
6205386f-efd8-484d-ad8b-1619acb5b862,吳淑娟,3
6205386f-efd8-484d-ad8b-1619acb5b862,洪子超,2
6205386f-efd8-484d-ad8b-1619acb5b862,謝淑如,1
6205386f-efd8-484d-ad8b-1619acb5b862,蔡家豪,4
6205386f-efd8-484d-ad8b-1619acb5b862,張國棟,6
6205386f-efd8-484d-ad8b-1619acb5b862,陳一惇,7
6205386f-efd8-484d-ad8b-1619acb5b862,洪騰明,5
620537bc-9664-49a3-a830-1619acb5b862,陳榮妹,1
620537bc-9664-49a3-a830-1619acb5b862,張新男,2
620538a8-6c60-4dbf-8bcf-1619acb5b862,曾振炎,21
620538a8-6c60-4dbf-8bcf-1619acb5b862,張婉慈,11
620538a8-6c60-4dbf-8bcf-1619acb5b862,賴世皎,14
620538a8-6c60-4dbf-8bcf-1619acb5b862,林憶如,3
620538a8-6c60-4dbf-8bcf-1619acb5b862,王燕珠,2
620538a8-6c60-4dbf-8bcf-1619acb5b862,史祝賢,24
620538a8-6c60-4dbf-8bcf-1619acb5b862,紀百鍊,6
620538a8-6c60-4dbf-8bcf-1619acb5b862,蔡宗智,13
620538a8-6c60-4dbf-8bcf-1619acb5b862,簡千翔,15
620538a8-6c60-4dbf-8bcf-1619acb5b862,洪志杰,26
620538a8-6c60-4dbf-8bcf-1619acb5b862,張錫淵,20
620538a8-6c60-4dbf-8bcf-1619acb5b862,史雪燕,12
620538a8-6c60-4dbf-8bcf-1619acb5b862,洪明科,1
620538a8-6c60-4dbf-8bcf-1619acb5b862,白騏澤,8
620538a8-6c60-4dbf-8bcf-1619acb5b862,吳棋楠,18
620538a8-6c60-4dbf-8bcf-1619acb5b862,曾琮愷,21
620538a8-6c60-4dbf-8bcf-1619acb5b862,邱奇才,7
620538a8-6c60-4dbf-8bcf-1619acb5b862,洪浩原,4
620538a8-6c60-4dbf-8bcf-1619acb5b862,張雅琪,9
620538a8-6c60-4dbf-8bcf-1619acb5b862,王鵬霖,17
620538a8-6c60-4dbf-8bcf-1619acb5b862,楊玉秀,25
620538a8-6c60-4dbf-8bcf-1619acb5b862,宋懷琳,19
620538a8-6c60-4dbf-8bcf-1619acb5b862,張秀枝,22
620538a8-6c60-4dbf-8bcf-1619acb5b862,林佑虔,10
620538a8-6c60-4dbf-8bcf-1619acb5b862,沈夙崢,5
620538a8-6c60-4dbf-8bcf-1619acb5b862,林儒暘,23
620538c1-c8ec-4040-a326-1619acb5b862,廖梓佑,1
620538c1-c8ec-4040-a326-1619acb5b862,唐曉棻,6
620538c1-c8ec-4040-a326-1619acb5b862,蔡銘軒,9
620538c1-c8ec-4040-a326-1619acb5b862,林友友,5
620538c1-c8ec-4040-a326-1619acb5b862,簡峻庭,11
620538c1-c8ec-4040-a326-1619acb5b862,簡賜勝,3
620538c1-c8ec-4040-a326-1619acb5b862,莊士傑,4
620538c1-c8ec-4040-a326-1619acb5b862,阮惠心,8
620538c1-c8ec-4040-a326-1619acb5b862,廖明川,12
620538c1-c8ec-4040-a326-1619acb5b862,邱淑君,10
620538c1-c8ec-4040-a326-1619acb5b862,李洲忠,2
620538c1-c8ec-4040-a326-1619acb5b862,李帛璋,7
620538c1-c8ec-4040-a326-1619acb5b862,涂恩平,x
620538d7-8b9c-41de-aa3e-1619acb5b862,陳奎合,2
620538d7-8b9c-41de-aa3e-1619acb5b862,陳淑惠,6
620538d7-8b9c-41de-aa3e-1619acb5b862,李天慧,7
620538d7-8b9c-41de-aa3e-1619acb5b862,謝明謀,5
620538d7-8b9c-41de-aa3e-1619acb5b862,王秋淑,4
620538d7-8b9c-41de-aa3e-1619acb5b862,林良政,1
620538d7-8b9c-41de-aa3e-1619acb5b862,黃春麟,3
620538cc-c9fc-46d8-b18b-1619acb5b862,李廣演,1
620538cc-c9fc-46d8-b18b-1619acb5b862,黃東灝,2
620538cc-c9fc-46d8-b18b-1619acb5b862,陳玉鈴,6
620538cc-c9fc-46d8-b18b-1619acb5b862,游顥,5
620538cc-c9fc-46d8-b18b-1619acb5b862,吳瑞芳,4
620538cc-c9fc-46d8-b18b-1619acb5b862,何勝豐,7
620538cc-c9fc-46d8-b18b-1619acb5b862,蔡孟娥,3
620538b5-378c-4426-bc73-1619acb5b862,潘一全,8
620538b5-378c-4426-bc73-1619acb5b862,吳國昌,3
620538b5-378c-4426-bc73-1619acb5b862,戴世詮,4
620538b5-378c-4426-bc73-1619acb5b862,蘇昱誠,10
620538b5-378c-4426-bc73-1619acb5b862,陳淯程,1
620538b5-378c-4426-bc73-1619acb5b862,陳宜君,2
620538b5-378c-4426-bc73-1619acb5b862,葉仁創,9
620538b5-378c-4426-bc73-1619acb5b862,黃世芳,6
620538b5-378c-4426-bc73-1619acb5b862,林芳伃,5
620538b5-378c-4426-bc73-1619acb5b862,王彩雲,7
620538a7-8298-4e9c-91fc-1619acb5b862,江秉翰,2
620538a8-62bc-44e3-8096-1619acb5b862,王榮儀,1
620538b5-1e14-4bd7-8f79-1619acb5b862,廖崧皓,1
62053919-5e90-49d0-b030-1619acb5b862,廖郁賢,9
62053919-5e90-49d0-b030-1619acb5b862,曾博鴻,18
62053919-5e90-49d0-b030-1619acb5b862,陳芳盈,13
62053919-5e90-49d0-b030-1619acb5b862,鄭自勤,11
62053919-5e90-49d0-b030-1619acb5b862,周秀月,8
62053919-5e90-49d0-b030-1619acb5b862,林聖智,5
62053919-5e90-49d0-b030-1619acb5b862,林岳璋,7
62053919-5e90-49d0-b030-1619acb5b862,張維崢,12
62053919-5e90-49d0-b030-1619acb5b862,林靖冠,3
62053919-5e90-49d0-b030-1619acb5b862,賴淑娞,10
62053919-5e90-49d0-b030-1619acb5b862,王又民,1
62053919-5e90-49d0-b030-1619acb5b862,江文登,4
62053919-5e90-49d0-b030-1619acb5b862,張光儀,6
62053919-5e90-49d0-b030-1619acb5b862,鍾明馨,17
62053919-5e90-49d0-b030-1619acb5b862,黃英學,15
62053919-5e90-49d0-b030-1619acb5b862,黃勝志,14
62053919-5e90-49d0-b030-1619acb5b862,陳永修,2
62053919-5e90-49d0-b030-1619acb5b862,呂宜臻,16
62053928-9308-44da-b037-1619acb5b862,吳滄得,12
62053928-9308-44da-b037-1619acb5b862,張庭綺,4
62053928-9308-44da-b037-1619acb5b862,顏忠義,2
62053928-9308-44da-b037-1619acb5b862,簡慈坊,9
62053928-9308-44da-b037-1619acb5b862,蔡東富,6
62053928-9308-44da-b037-1619acb5b862,沈銘恭,8
62053928-9308-44da-b037-1619acb5b862,陳世彬,3
62053928-9308-44da-b037-1619acb5b862,賴明源,11
62053928-9308-44da-b037-1619acb5b862,王秋足,10
62053928-9308-44da-b037-1619acb5b862,吳錦凉,5
62053928-9308-44da-b037-1619acb5b862,陳志榮,7
62053928-9308-44da-b037-1619acb5b862,彭新銘,1
62053932-88f4-4efc-afb8-1619acb5b862,陳乙辰,1
62053932-88f4-4efc-afb8-1619acb5b862,林文彬,4
62053932-88f4-4efc-afb8-1619acb5b862,蔡秋敏,3
62053932-88f4-4efc-afb8-1619acb5b862,魏順興,9
62053932-88f4-4efc-afb8-1619acb5b862,林武正,13
62053932-88f4-4efc-afb8-1619acb5b862,王鈺齊,2
62053932-88f4-4efc-afb8-1619acb5b862,李政峯,8
62053932-88f4-4efc-afb8-1619acb5b862,黃凱,11
62053932-88f4-4efc-afb8-1619acb5b862,黃美瑤,7
62053932-88f4-4efc-afb8-1619acb5b862,張維心,10
62053932-88f4-4efc-afb8-1619acb5b862,蔡明水,5
62053932-88f4-4efc-afb8-1619acb5b862,陳俊龍,12
62053932-88f4-4efc-afb8-1619acb5b862,林明進,14
62053932-88f4-4efc-afb8-1619acb5b862,沈宗隆,6
6205393e-8bcc-4e86-b338-1619acb5b862,游淑雲,3
6205393e-8bcc-4e86-b338-1619acb5b862,洪如萍,4
6205393e-8bcc-4e86-b338-1619acb5b862,鄭玲惠,2
6205393e-8bcc-4e86-b338-1619acb5b862,楊國寬,1
6205393e-8bcc-4e86-b338-1619acb5b862,梁銘忠,5
6205393e-8bcc-4e86-b338-1619acb5b862,廖偉晴,6
6205393e-8bcc-4e86-b338-1619acb5b862,李明哲,7
62053985-36ac-4179-91ea-1619acb5b862,吳蕙蘭,5
62053985-36ac-4179-91ea-1619acb5b862,張揚科,2
62053985-36ac-4179-91ea-1619acb5b862,許留賓,10
62053985-36ac-4179-91ea-1619acb5b862,蘇國瓏,11
62053985-36ac-4179-91ea-1619acb5b862,蔡永富,3
62053985-36ac-4179-91ea-1619acb5b862,蘇俊豪,9
62053985-36ac-4179-91ea-1619acb5b862,顏嘉葦,4
62053985-36ac-4179-91ea-1619acb5b862,陳清圳,1
62053985-36ac-4179-91ea-1619acb5b862,林深,7
62053985-36ac-4179-91ea-1619acb5b862,王英文,8
62053985-36ac-4179-91ea-1619acb5b862,丁慶錡,6
6205394f-8f64-4358-a755-1619acb5b862,蔡咏鍀,4
6205394f-8f64-4358-a755-1619acb5b862,蔡岳儒,7
6205394f-8f64-4358-a755-1619acb5b862,林哲凌,2
6205394f-8f64-4358-a755-1619acb5b862,黃文祥,5
6205394f-8f64-4358-a755-1619acb5b862,蔡孟真,6
6205394f-8f64-4358-a755-1619acb5b862,蕭慧敏,3
6205394f-8f64-4358-a755-1619acb5b862,王新堯,1
620539c1-a990-493f-93cb-1619acb5b862,江佩曄,7
620539c1-a990-493f-93cb-1619acb5b862,楊秀琴,2
620539c1-a990-493f-93cb-1619acb5b862,陳主明,8
620539c1-a990-493f-93cb-1619acb5b862,黃惠汝,4
620539c1-a990-493f-93cb-1619acb5b862,王啓澧,6
620539c1-a990-493f-93cb-1619acb5b862,詹琬蓁,3
620539c1-a990-493f-93cb-1619acb5b862,賴瓊如,5
620539c1-a990-493f-93cb-1619acb5b862,黃榮俊,9
620539c1-a990-493f-93cb-1619acb5b862,黃榮利,1
620539e6-b2a4-477c-ba79-1619acb5b862,劉宜奮,4
620539e6-b2a4-477c-ba79-1619acb5b862,洪安仁,7
620539e6-b2a4-477c-ba79-1619acb5b862,林岱杰,10
620539e6-b2a4-477c-ba79-1619acb5b862,林秀琴,12
620539e6-b2a4-477c-ba79-1619acb5b862,郭金雀,1
620539e6-b2a4-477c-ba79-1619acb5b862,陳文忠,9
620539e6-b2a4-477c-ba79-1619acb5b862,高子羚,8
620539e6-b2a4-477c-ba79-1619acb5b862,陳福成,5
620539e6-b2a4-477c-ba79-1619acb5b862,簡嘉億,3
620539e6-b2a4-477c-ba79-1619acb5b862,黃啟豪,6
620539e6-b2a4-477c-ba79-1619acb5b862,林淑完,11
620539e6-b2a4-477c-ba79-1619acb5b862,何文華,2
620539de-3ea4-4a01-9046-1619acb5b862,劉雅文,9
620539de-3ea4-4a01-9046-1619acb5b862,吳思蓉,6
620539de-3ea4-4a01-9046-1619acb5b862,陳志明,8
620539de-3ea4-4a01-9046-1619acb5b862,莊信宗,2
620539de-3ea4-4a01-9046-1619acb5b862,劉世承,5
620539de-3ea4-4a01-9046-1619acb5b862,高義清,7
620539de-3ea4-4a01-9046-1619acb5b862,陳信文,4
620539de-3ea4-4a01-9046-1619acb5b862,王啟瑞,1
620539de-3ea4-4a01-9046-1619acb5b862,江志明,3
620539c9-d434-41dd-a865-1619acb5b862,蔡建漢,4
620539c9-d434-41dd-a865-1619acb5b862,陳崇榮,2
620539c9-d434-41dd-a865-1619acb5b862,蔡奇璋,7
620539c9-d434-41dd-a865-1619acb5b862,蔡政宜,1
620539c9-d434-41dd-a865-1619acb5b862,呂文正,9
620539c9-d434-41dd-a865-1619acb5b862,李國勝,10
620539c9-d434-41dd-a865-1619acb5b862,黃嫈珺,6
620539c9-d434-41dd-a865-1619acb5b862,姜梅紅,5
620539c9-d434-41dd-a865-1619acb5b862,郭西川,8
620539c9-d434-41dd-a865-1619acb5b862,陳怡岳,3
620539d4-ce60-46c9-b74c-1619acb5b862,黃金茂,3
620539d4-ce60-46c9-b74c-1619acb5b862,陳鳳梅,4
620539d4-ce60-46c9-b74c-1619acb5b862,翁聰賢,2
620539d4-ce60-46c9-b74c-1619acb5b862,蔡信典,1
62053a30-c150-44a8-99a3-1619acb5b862,凃文以,4
62053a30-c150-44a8-99a3-1619acb5b862,林嘉欣,8
62053a30-c150-44a8-99a3-1619acb5b862,陳柏麟,3
62053a30-c150-44a8-99a3-1619acb5b862,張明達,9
62053a30-c150-44a8-99a3-1619acb5b862,詹黃素蓮,11
62053a30-c150-44a8-99a3-1619acb5b862,蔡瀧賢,6
62053a30-c150-44a8-99a3-1619acb5b862,羅士洋,2
62053a30-c150-44a8-99a3-1619acb5b862,江季珍,1
62053a30-c150-44a8-99a3-1619acb5b862,莊竣傑,7
62053a30-c150-44a8-99a3-1619acb5b862,詹志暉,10
62053a30-c150-44a8-99a3-1619acb5b862,邱銀海,5
62053a30-c150-44a8-99a3-1619acb5b862,何子凡,12
620539c1-3198-47d7-9b16-1619acb5b862,武清山,1
62053a59-7c38-43db-91b3-1619acb5b862,蔣月惠,7
62053a59-7c38-43db-91b3-1619acb5b862,梁育慈,21
62053a59-7c38-43db-91b3-1619acb5b862,鍾明輝,22
62053a59-7c38-43db-91b3-1619acb5b862,陳哲蕙,18
62053a59-7c38-43db-91b3-1619acb5b862,張平原,23
62053a59-7c38-43db-91b3-1619acb5b862,蔣家煌,10
62053a59-7c38-43db-91b3-1619acb5b862,陳炫言,16
62053a59-7c38-43db-91b3-1619acb5b862,蘇煥鈞,17
62053a59-7c38-43db-91b3-1619acb5b862,林明順,25
62053a59-7c38-43db-91b3-1619acb5b862,陳揚,15
62053a59-7c38-43db-91b3-1619acb5b862,李世斌,24
62053a59-7c38-43db-91b3-1619acb5b862,吳尤敏,2
62053a59-7c38-43db-91b3-1619acb5b862,陳秋豪,8
62053a59-7c38-43db-91b3-1619acb5b862,方一祥,19
62053a59-7c38-43db-91b3-1619acb5b862,林建志,3
62053a59-7c38-43db-91b3-1619acb5b862,黃明賢,6
62053a59-7c38-43db-91b3-1619acb5b862,蘇資婷,9
62053a59-7c38-43db-91b3-1619acb5b862,曾義雄,13
62053a59-7c38-43db-91b3-1619acb5b862,唐玉琴,11
62053a59-7c38-43db-91b3-1619acb5b862,趙文俊,12
62053a59-7c38-43db-91b3-1619acb5b862,方華雄,20
62053a59-7c38-43db-91b3-1619acb5b862,李承育,14
62053a59-7c38-43db-91b3-1619acb5b862,梁梅瑛,5
62053a59-7c38-43db-91b3-1619acb5b862,鄭清原,1
62053a59-7c38-43db-91b3-1619acb5b862,陳韋強,4
62053aa2-06dc-4859-8e7d-1619acb5b862,盧文瑞,12
62053aa2-06dc-4859-8e7d-1619acb5b862,蘇孟婕,1
62053aa2-06dc-4859-8e7d-1619acb5b862,柯信行,9
62053aa2-06dc-4859-8e7d-1619acb5b862,吳亮慶,2
62053aa2-06dc-4859-8e7d-1619acb5b862,張振亮,6
62053aa2-06dc-4859-8e7d-1619acb5b862,陳明達,11
62053aa2-06dc-4859-8e7d-1619acb5b862,鍾詔元,3
62053aa2-06dc-4859-8e7d-1619acb5b862,葉明博,5
62053aa2-06dc-4859-8e7d-1619acb5b862,何春美,7
62053aa2-06dc-4859-8e7d-1619acb5b862,王景山,4
62053aa2-06dc-4859-8e7d-1619acb5b862,宋麗華,8
62053aa2-06dc-4859-8e7d-1619acb5b862,許重慶,10
62053a78-8ca8-4502-8201-1619acb5b862,洪明江,12
62053a78-8ca8-4502-8201-1619acb5b862,利八魁,2
62053a78-8ca8-4502-8201-1619acb5b862,曾德正,16
62053a78-8ca8-4502-8201-1619acb5b862,許馨勻,7
62053a78-8ca8-4502-8201-1619acb5b862,林郁虹,13
62053a78-8ca8-4502-8201-1619acb5b862,李世淦,10
62053a78-8ca8-4502-8201-1619acb5b862,潘連周,1
62053a78-8ca8-4502-8201-1619acb5b862,黃建溢,5
62053a78-8ca8-4502-8201-1619acb5b862,潘長成,3
62053a78-8ca8-4502-8201-1619acb5b862,陳志成,11
62053a78-8ca8-4502-8201-1619acb5b862,林志成,4
62053a78-8ca8-4502-8201-1619acb5b862,蕭禾秦,9
62053a78-8ca8-4502-8201-1619acb5b862,陳宗廷,8
62053a78-8ca8-4502-8201-1619acb5b862,徐榮耀,6
62053a78-8ca8-4502-8201-1619acb5b862,吳慈慧,14
62053a78-8ca8-4502-8201-1619acb5b862,潘敏泉,15
62053a80-2910-43d2-b650-1619acb5b862,何輝能,11
62053a80-2910-43d2-b650-1619acb5b862,方天仕,13
62053a80-2910-43d2-b650-1619acb5b862,郭再添,9
62053a80-2910-43d2-b650-1619acb5b862,林宇澤,10
62053a80-2910-43d2-b650-1619acb5b862,洪志明,1
62053a80-2910-43d2-b650-1619acb5b862,鄭張常敏,2
62053a80-2910-43d2-b650-1619acb5b862,劉孟君,8
62053a80-2910-43d2-b650-1619acb5b862,許展維,7
62053a80-2910-43d2-b650-1619acb5b862,呂少麒,4
62053a80-2910-43d2-b650-1619acb5b862,周典論,3
62053a80-2910-43d2-b650-1619acb5b862,方文正,6
62053a80-2910-43d2-b650-1619acb5b862,林蔡鳯梅,5
62053a80-2910-43d2-b650-1619acb5b862,洪宗麒,12
62053af2-fd24-407a-85c6-1619acb5b862,羅平道,5
62053af2-fd24-407a-85c6-1619acb5b862,周碧雲,1
62053af2-fd24-407a-85c6-1619acb5b862,王啟敏,3
62053af2-fd24-407a-85c6-1619acb5b862,黃盈裕,4
62053af2-fd24-407a-85c6-1619acb5b862,張榮傑,2
62053a8b-e548-4cd9-97e7-1619acb5b862,李建華,6
62053a8b-e548-4cd9-97e7-1619acb5b862,曾瓊慧,7
62053a8b-e548-4cd9-97e7-1619acb5b862,張榮志,1
62053a8b-e548-4cd9-97e7-1619acb5b862,盧玟欣,4
62053a8b-e548-4cd9-97e7-1619acb5b862,張怡,3
62053a8b-e548-4cd9-97e7-1619acb5b862,郭麗玲,2
62053a8b-e548-4cd9-97e7-1619acb5b862,潘芳泉,5
62053b08-7f3c-4dc1-b949-1619acb5b862,陳建興,3
62053b08-7f3c-4dc1-b949-1619acb5b862,王薇茗,1
62053b08-7f3c-4dc1-b949-1619acb5b862,許允良,3
62053a58-b15c-432d-9e47-1619acb5b862,潘坤福,3
62053a58-b15c-432d-9e47-1619acb5b862,潘翠雲,2
62053a58-b15c-432d-9e47-1619acb5b862,潘世杰,1
62053aae-16bc-4714-877f-1619acb5b862,張利惠,2
62053aae-16bc-4714-877f-1619acb5b862,江金妹,1
62053a59-7c38-43db-91b3-1619acb5b862,陸宥熹,3
62053a59-7c38-43db-91b3-1619acb5b862,梁明輝,2
62053a59-7c38-43db-91b3-1619acb5b862,高惠芬,1
62053a59-7c38-43db-91b3-1619acb5b862,何長成,1
62053a59-7c38-43db-91b3-1619acb5b862,越秋女,2
62053a59-7c38-43db-91b3-1619acb5b862,羅俊傑,3
62053a59-7c38-43db-91b3-1619acb5b862,許蘭花,1
62053a59-7c38-43db-91b3-1619acb5b862,周陳曉玟,2
62053a59-7c38-43db-91b3-1619acb5b862,李振榮,1
62053a59-7c38-43db-91b3-1619acb5b862,林采穎,1
62053a59-7c38-43db-91b3-1619acb5b862,柯海燕,3
62053a59-7c38-43db-91b3-1619acb5b862,杜仁勇,2
62053a59-7c38-43db-91b3-1619acb5b862,賴天賜,1
620536a3-2510-4c0e-9675-1619acb5b862,黃惠慈,11
620536a3-2510-4c0e-9675-1619acb5b862,林麗,5
620536a3-2510-4c0e-9675-1619acb5b862,莊淑如,10
620536a3-2510-4c0e-9675-1619acb5b862,胡健森,9
620536a3-2510-4c0e-9675-1619acb5b862,楊順木,12
620536a3-2510-4c0e-9675-1619acb5b862,林岳賢,17
620536a3-2510-4c0e-9675-1619acb5b862,尤文瀚,4
620536a3-2510-4c0e-9675-1619acb5b862,林錫明,6
620536a3-2510-4c0e-9675-1619acb5b862,黃定和,13
620536a3-2510-4c0e-9675-1619acb5b862,潘淑芬,15
620536a3-2510-4c0e-9675-1619acb5b862,吳福田,7
620536a3-2510-4c0e-9675-1619acb5b862,陳漢澤,1
620536a3-2510-4c0e-9675-1619acb5b862,林正芳,8
620536a3-2510-4c0e-9675-1619acb5b862,張勝德,3
620536a3-2510-4c0e-9675-1619acb5b862,魯秀傑,2
620536a3-2510-4c0e-9675-1619acb5b862,吳長青,16
620536a3-2510-4c0e-9675-1619acb5b862,孫博萮,14
620536b7-4f38-4ef9-aab3-1619acb5b862,林詩穎,4
620536b7-4f38-4ef9-aab3-1619acb5b862,簡英俊,2
620536b7-4f38-4ef9-aab3-1619acb5b862,賴良洲,3
620536b7-4f38-4ef9-aab3-1619acb5b862,林東成,1
620536bc-5f98-4bd9-9783-1619acb5b862,林聰池,1
620536bc-5f98-4bd9-9783-1619acb5b862,李清林,2
620536bc-5f98-4bd9-9783-1619acb5b862,吳宏謀,3
620536c4-ede8-44df-a83d-1619acb5b862,黃浴沂,2
620536c4-ede8-44df-a83d-1619acb5b862,陳俊宇,1
620536c4-ede8-44df-a83d-1619acb5b862,吳紹文,x
620536c0-d558-41c0-9cc2-1619acb5b862,陳福山,2
620536c0-d558-41c0-9cc2-1619acb5b862,黃建勇,1
620536ac-36b8-412a-bdb4-1619acb5b862,陳漢鍾,3
620536ac-36b8-412a-bdb4-1619acb5b862,陳鴻禧,9
620536ac-36b8-412a-bdb4-1619acb5b862,劉添梧,5
620536ac-36b8-412a-bdb4-1619acb5b862,謝家倫,8
620536ac-36b8-412a-bdb4-1619acb5b862,黃琤婷,1
620536ac-36b8-412a-bdb4-1619acb5b862,呂惠卿,7
620536ac-36b8-412a-bdb4-1619acb5b862,林意評,4
620536ac-36b8-412a-bdb4-1619acb5b862,楊坊翔,6
620536ac-36b8-412a-bdb4-1619acb5b862,謝志得,2
620536cd-d328-486a-879a-1619acb5b862,簡松樹,3
620536cd-d328-486a-879a-1619acb5b862,沈信雄,1
620536cd-d328-486a-879a-1619acb5b862,林義剛,4
620536cd-d328-486a-879a-1619acb5b862,張明華,2
620536c8-b72c-48d1-b35c-1619acb5b862,謝燦輝,1
620536c8-b72c-48d1-b35c-1619acb5b862,江汶賢,5
620536c8-b72c-48d1-b35c-1619acb5b862,林佩螢,2
620536c8-b72c-48d1-b35c-1619acb5b862,邱素梅,3
620536c8-b72c-48d1-b35c-1619acb5b862,楊弘旻,6
620536c8-b72c-48d1-b35c-1619acb5b862,張芷珊,4
620536d1-4a6c-413e-8d05-1619acb5b862,陳文昌,2
620536d1-4a6c-413e-8d05-1619acb5b862,吳珮菱,1
620536d1-4a6c-413e-8d05-1619acb5b862,江信賢,3
620536a3-2510-4c0e-9675-1619acb5b862,李茂豐,2
620536a3-2510-4c0e-9675-1619acb5b862,陳玉萍,4
620536a3-2510-4c0e-9675-1619acb5b862,陳金麟,1
620536a3-2510-4c0e-9675-1619acb5b862,謝正信,3
620536a3-2510-4c0e-9675-1619acb5b862,沈志弘,1
620536a3-2510-4c0e-9675-1619acb5b862,陳傑麟,2
620536a3-2510-4c0e-9675-1619acb5b862,游吉祥,1
62053b91-f5b0-455f-ad20-1619acb5b862,韓林梅,7
62053b91-f5b0-455f-ad20-1619acb5b862,林宗昆,4
62053b91-f5b0-455f-ad20-1619acb5b862,蔡翼鍾,10
62053b91-f5b0-455f-ad20-1619acb5b862,洪士閔,5
62053b91-f5b0-455f-ad20-1619acb5b862,吳東昇,11
62053b91-f5b0-455f-ad20-1619acb5b862,傅國淵,3
62053b91-f5b0-455f-ad20-1619acb5b862,徐子芳,6
62053b91-f5b0-455f-ad20-1619acb5b862,謝國榮,9
62053b91-f5b0-455f-ad20-1619acb5b862,楊華美,2
62053b91-f5b0-455f-ad20-1619acb5b862,張美慧,1
62053b91-f5b0-455f-ad20-1619acb5b862,胡仁順,12
62053b91-f5b0-455f-ad20-1619acb5b862,魏嘉賢,8
62053bb7-3c30-4fd3-ae10-1619acb5b862,邱光明,1
62053bb7-3c30-4fd3-ae10-1619acb5b862,鄭寶秀,2
62053bb7-3c30-4fd3-ae10-1619acb5b862,陳財能,3
62053ba8-5130-45bc-bc91-1619acb5b862,陳慶元,5
62053ba8-5130-45bc-bc91-1619acb5b862,張峻,6
62053ba8-5130-45bc-bc91-1619acb5b862,黃馨,13
62053ba8-5130-45bc-bc91-1619acb5b862,蔡文隆,9
62053ba8-5130-45bc-bc91-1619acb5b862,林則葹,1
62053ba8-5130-45bc-bc91-1619acb5b862,林源富,15
62053ba8-5130-45bc-bc91-1619acb5b862,徐雪玉,3
62053ba8-5130-45bc-bc91-1619acb5b862,林品仰,2
62053ba8-5130-45bc-bc91-1619acb5b862,沈君茹,14
62053ba8-5130-45bc-bc91-1619acb5b862,王格致,8
62053ba8-5130-45bc-bc91-1619acb5b862,潘璿安,7
62053ba8-5130-45bc-bc91-1619acb5b862,吳建志,4
62053ba8-5130-45bc-bc91-1619acb5b862,王能昌,10
62053ba8-5130-45bc-bc91-1619acb5b862,鄭乾龍,11
62053ba8-5130-45bc-bc91-1619acb5b862,張正治,12
62053bad-74f4-480a-9b1f-1619acb5b862,陳飛廷,5
62053bad-74f4-480a-9b1f-1619acb5b862,陳志明,1
62053bad-74f4-480a-9b1f-1619acb5b862,鍾素政,3
62053bad-74f4-480a-9b1f-1619acb5b862,黃玲蘭,2
62053bad-74f4-480a-9b1f-1619acb5b862,詹金富,4
62053b92-8aec-4a6c-af3b-1619acb5b862,李正文,5
62053b92-8aec-4a6c-af3b-1619acb5b862,陳進德,6
62053b92-8aec-4a6c-af3b-1619acb5b862,林資斌,7
62053b92-8aec-4a6c-af3b-1619acb5b862,葉志豪,2
62053b92-8aec-4a6c-af3b-1619acb5b862,周駿宥,4
62053ba7-6864-4cf6-bf54-1619acb5b862,林正福,2
62053bae-2418-4883-8f3c-1619acb5b862,葉微琪,4
62053bae-2418-4883-8f3c-1619acb5b862,陳德仁,2
62053bae-2418-4883-8f3c-1619acb5b862,林玉芬,1
62053bae-2418-4883-8f3c-1619acb5b862,陳建忠,3
62053b92-7128-42e1-853d-1619acb5b862,程美蓮,3
62053b92-7128-42e1-853d-1619acb5b862,田韻馨,2
62053b92-7128-42e1-853d-1619acb5b862,連一龍,1
62053ba7-a628-4be7-bc0e-1619acb5b862,簡智隆,2
62053b91-f5b0-455f-ad20-1619acb5b862,金淑敏,2
62053b3b-5024-40c3-be75-1619acb5b862,吳景槐,10
62053b3b-5024-40c3-be75-1619acb5b862,黃治維,9
62053b3b-5024-40c3-be75-1619acb5b862,林文隆,15
62053b3b-5024-40c3-be75-1619acb5b862,余振維,11
62053b3b-5024-40c3-be75-1619acb5b862,簡維國,18
62053b3b-5024-40c3-be75-1619acb5b862,宋良安,8
62053b3b-5024-40c3-be75-1619acb5b862,周達三,1
62053b3b-5024-40c3-be75-1619acb5b862,陳志峰,3
62053b3b-5024-40c3-be75-1619acb5b862,陳允萍,7
62053b3b-5024-40c3-be75-1619acb5b862,劉秋美,17
62053b3b-5024-40c3-be75-1619acb5b862,傅文鵬,12
62053b3b-5024-40c3-be75-1619acb5b862,王文怡,16
62053b3b-5024-40c3-be75-1619acb5b862,李建智,14
62053b3b-5024-40c3-be75-1619acb5b862,林參天,4
62053b3b-5024-40c3-be75-1619acb5b862,張躍贏,13
62053b3b-5024-40c3-be75-1619acb5b862,林冠任,2
62053b3b-5024-40c3-be75-1619acb5b862,吳秀華,5
62053b3b-5024-40c3-be75-1619acb5b862,張國洲,19
62053b3b-5024-40c3-be75-1619acb5b862,蔣明道,6
62053b59-649c-4a0c-a7c1-1619acb5b862,許文獻,2
62053b59-649c-4a0c-a7c1-1619acb5b862,楊招信,1
62053b4f-9268-4edb-b646-1619acb5b862,許進榮,2
62053b4f-9268-4edb-b646-1619acb5b862,林東滿,1
62053b54-00c8-440e-8d10-1619acb5b862,張堯城,5
62053b54-00c8-440e-8d10-1619acb5b862,陳宏宗,3
62053b54-00c8-440e-8d10-1619acb5b862,林金樺,6
62053b54-00c8-440e-8d10-1619acb5b862,王瀚駿,4
62053b54-00c8-440e-8d10-1619acb5b862,潘貴蘭,2
62053b54-00c8-440e-8d10-1619acb5b862,戴文達,1
62053b73-0850-4e1b-a7e9-1619acb5b862,翁麗吟,1
62053b73-0850-4e1b-a7e9-1619acb5b862,林曉彤,2
62053b7c-d974-484d-918c-1619acb5b862,林為德,3
62053b7c-d974-484d-918c-1619acb5b862,王姷力,2
62053b7c-d974-484d-918c-1619acb5b862,李數奼,4
62053b7c-d974-484d-918c-1619acb5b862,林誌鴻,1
62053b3b-f7b0-49fa-8870-1619acb5b862,陽昇宏,1
62053b3b-f7b0-49fa-8870-1619acb5b862,張信一,2
62053b3b-f7b0-49fa-8870-1619acb5b862,陳政宗,5
62053b3b-f7b0-49fa-8870-1619acb5b862,方賢仁,4
62053b3b-f7b0-49fa-8870-1619acb5b862,林琮翰,6
62053b3b-f7b0-49fa-8870-1619acb5b862,林秀信,3
62053b59-eb00-4b13-a056-1619acb5b862,鄭崗山,1
62053b59-eb00-4b13-a056-1619acb5b862,江堅壽,2
62053b72-0b30-42af-8a10-1619acb5b862,尤忠正,1
62053b3b-5024-40c3-be75-1619acb5b862,楊秋珍,2
62053b3b-5024-40c3-be75-1619acb5b862,武雪恩,4
62053b3b-5024-40c3-be75-1619acb5b862,高美珠,3
62053b3b-5024-40c3-be75-1619acb5b862,古志成,1
62053b3b-5024-40c3-be75-1619acb5b862,張全馨嵐,1
62053b3b-5024-40c3-be75-1619acb5b862,江金香,2
62053b3b-5024-40c3-be75-1619acb5b862,余秀芳,3
62053b3b-5024-40c3-be75-1619acb5b862,林本森,2
62053b3b-5024-40c3-be75-1619acb5b862,林芳如,1
62053b3b-5024-40c3-be75-1619acb5b862,葉巴格力亞斯振宇,2
62053b3b-5024-40c3-be75-1619acb5b862,蔡玉玲,3
62053b3b-5024-40c3-be75-1619acb5b862,施森茂,3
62053b3b-5024-40c3-be75-1619acb5b862,黃碧妹,1
62053b3b-5024-40c3-be75-1619acb5b862,黃天德,2
62053bf0-5d78-46df-a0ad-1619acb5b862,盧長在,14
62053bf0-5d78-46df-a0ad-1619acb5b862,蘇育德,13
62053bf0-5d78-46df-a0ad-1619acb5b862,歐中慨,10
62053bf0-5d78-46df-a0ad-1619acb5b862,呂黃春金,6
62053bf0-5d78-46df-a0ad-1619acb5b862,莊光大,16
62053bf0-5d78-46df-a0ad-1619acb5b862,胡松榮,11
62053bf0-5d78-46df-a0ad-1619acb5b862,陳文謙,7
62053bf0-5d78-46df-a0ad-1619acb5b862,張再興,9
62053bf0-5d78-46df-a0ad-1619acb5b862,許智富,1
62053bf0-5d78-46df-a0ad-1619acb5b862,劉陳昭玲,12
62053bf0-5d78-46df-a0ad-1619acb5b862,蘇陳綉色,17
62053bf0-5d78-46df-a0ad-1619acb5b862,林建勳,5
62053bf0-5d78-46df-a0ad-1619acb5b862,呂光宇,4
62053bf0-5d78-46df-a0ad-1619acb5b862,許國政,18
62053bf0-5d78-46df-a0ad-1619acb5b862,陳海山,2
62053bf0-5d78-46df-a0ad-1619acb5b862,歐修智,15
62053bf0-5d78-46df-a0ad-1619acb5b862,藍凱元,8
62053bf0-5d78-46df-a0ad-1619acb5b862,陳毓仁,3
62053bff-13bc-44c8-9b09-1619acb5b862,吳政杰,3
62053bff-13bc-44c8-9b09-1619acb5b862,蔡清續,2
62053bff-13bc-44c8-9b09-1619acb5b862,許育愷,1
62053bff-13bc-44c8-9b09-1619acb5b862,廖璟華,4
62053c09-76a4-4da7-b768-1619acb5b862,宋昀芝,2
62053c09-76a4-4da7-b768-1619acb5b862,魏睿宏,1
62053c12-6dd8-44a0-8e2d-1619acb5b862,許月里,2
62053c12-6dd8-44a0-8e2d-1619acb5b862,薛雲鴻,1
62053c17-4e9c-44cd-8ce8-1619acb5b862,陳佩真,1
62053c1c-6c18-4e8a-aa92-1619acb5b862,夏晨榮,1
62053c1c-6c18-4e8a-aa92-1619acb5b862,張仁和,2
62053698-a5c0-4064-a2f4-1619acb5b862,楊霈璿,4
62053698-a5c0-4064-a2f4-1619acb5b862,陳泱瑚,8
62053698-a5c0-4064-a2f4-1619acb5b862,董森堡,15
62053698-a5c0-4064-a2f4-1619acb5b862,蔡其雍,5
62053698-a5c0-4064-a2f4-1619acb5b862,楊永立,7
62053698-a5c0-4064-a2f4-1619acb5b862,石永城,2
62053698-a5c0-4064-a2f4-1619acb5b862,許玉昭,3
62053698-a5c0-4064-a2f4-1619acb5b862,洪允典,9
62053698-a5c0-4064-a2f4-1619acb5b862,胡凱宇,16
62053698-a5c0-4064-a2f4-1619acb5b862,李養生,10
62053698-a5c0-4064-a2f4-1619acb5b862,歐陽儀雄,1
62053698-a5c0-4064-a2f4-1619acb5b862,許大鴻,13
62053698-a5c0-4064-a2f4-1619acb5b862,周曉芸,6
62053698-a5c0-4064-a2f4-1619acb5b862,唐麗輝,11
62053698-a5c0-4064-a2f4-1619acb5b862,翁文奧,14
62053698-a5c0-4064-a2f4-1619acb5b862,王碧珍,12
6205369b-e7dc-486d-9720-1619acb5b862,張雲量,13
6205369b-e7dc-486d-9720-1619acb5b862,林長鴻,11
6205369b-e7dc-486d-9720-1619acb5b862,黃子誠,2
6205369b-e7dc-486d-9720-1619acb5b862,王秀玉,9
6205369b-e7dc-486d-9720-1619acb5b862,周子傑,8
6205369b-e7dc-486d-9720-1619acb5b862,馬自壯,6
6205369b-e7dc-486d-9720-1619acb5b862,蔡水游,10
6205369b-e7dc-486d-9720-1619acb5b862,吳金鏷,3
6205369b-e7dc-486d-9720-1619acb5b862,楊育菡,7
6205369b-e7dc-486d-9720-1619acb5b862,陳錦偉,1
6205369b-e7dc-486d-9720-1619acb5b862,王國代,5
6205369b-e7dc-486d-9720-1619acb5b862,吳佩雯,12
6205369b-e7dc-486d-9720-1619acb5b862,歐陽豪,4
620536a0-6b4c-47f6-8304-1619acb5b862,洪成發,1
620536a0-6b4c-47f6-8304-1619acb5b862,洪鴻斌,3
620536a0-6b4c-47f6-8304-1619acb5b862,吳嘉將,2
62053692-b884-4ca5-bea7-1619acb5b862,劉浩晨,3
62053692-b884-4ca5-bea7-1619acb5b862,林明揚,7
62053692-b884-4ca5-bea7-1619acb5b862,曹丞君,2
62053692-b884-4ca5-bea7-1619acb5b862,曹以標,5
62053692-b884-4ca5-bea7-1619acb5b862,曹爾章,1
62053692-b884-4ca5-bea7-1619acb5b862,林惠萍,6
62053692-b884-4ca5-bea7-1619acb5b862,楊清宇,8
62053692-b884-4ca5-bea7-1619acb5b862,陳書建,4
62053695-9638-43e7-bf12-1619acb5b862,周瑞國,1
62053695-9638-43e7-bf12-1619acb5b862,陳玉發,3
62053695-9638-43e7-bf12-1619acb5b862,陳如嵐,2
62053696-33c0-4425-a1bb-1619acb5b862,陳貽斌,2
62053696-33c0-4425-a1bb-1619acb5b862,陳善澔,1
62053698-6450-41a2-bfff-1619acb5b862,馮印才,1
62053698-6450-41a2-bfff-1619acb5b862,張永江,2
62053c21-7658-4ea6-a703-1619acb5b862,張顥瀚,6
62053c21-7658-4ea6-a703-1619acb5b862,林毓峯,3
62053c21-7658-4ea6-a703-1619acb5b862,張淵翔,1
62053c21-7658-4ea6-a703-1619acb5b862,呂美玲,2
62053c21-7658-4ea6-a703-1619acb5b862,許睿慈,5
62053c21-7658-4ea6-a703-1619acb5b862,藍敏煌,4
62053c55-e3f0-440b-a829-1619acb5b862,陳軍佐,1
62053c55-e3f0-440b-a829-1619acb5b862,陳宜,6
62053c55-e3f0-440b-a829-1619acb5b862,紀珈,4
62053c55-e3f0-440b-a829-1619acb5b862,何淑萍,7
62053c55-e3f0-440b-a829-1619acb5b862,江鑒育,2
62053c55-e3f0-440b-a829-1619acb5b862,韓世昱,5
62053c55-e3f0-440b-a829-1619acb5b862,李嘉濠,3
62053c38-b510-4cff-bfb3-1619acb5b862,鄭文婷,3
62053c38-b510-4cff-bfb3-1619acb5b862,李依芩,6
62053c38-b510-4cff-bfb3-1619acb5b862,紀文荃,4
62053c38-b510-4cff-bfb3-1619acb5b862,張芳麗,7
62053c38-b510-4cff-bfb3-1619acb5b862,曾紀嚴,1
62053c38-b510-4cff-bfb3-1619acb5b862,童子瑋,2
62053c38-b510-4cff-bfb3-1619acb5b862,莊榮欽,5
62053c43-3594-408e-b865-1619acb5b862,施偉政,6
62053c43-3594-408e-b865-1619acb5b862,張秉鈞,2
62053c43-3594-408e-b865-1619acb5b862,張哲源,5
62053c43-3594-408e-b865-1619acb5b862,郭美秀,4
62053c43-3594-408e-b865-1619acb5b862,徐佑昇,3
62053c43-3594-408e-b865-1619acb5b862,宋瑋莉,1
62053c43-3594-408e-b865-1619acb5b862,莊敬聖,8
62053c43-3594-408e-b865-1619acb5b862,梁堂華,7
62053c4c-7828-41e5-acbe-1619acb5b862,洪森永,1
62053c4c-7828-41e5-acbe-1619acb5b862,吳驊珈,8
62053c4c-7828-41e5-acbe-1619acb5b862,張之豪,9
62053c4c-7828-41e5-acbe-1619acb5b862,黃紀棠,12
62053c4c-7828-41e5-acbe-1619acb5b862,秦鉦,3
62053c4c-7828-41e5-acbe-1619acb5b862,張銘傑,13
62053c4c-7828-41e5-acbe-1619acb5b862,莊錦田,4
62053c4c-7828-41e5-acbe-1619acb5b862,林沛祥,5
62053c4c-7828-41e5-acbe-1619acb5b862,黃永翔,15
62053c4c-7828-41e5-acbe-1619acb5b862,江欣怡,2
62053c4c-7828-41e5-acbe-1619acb5b862,劉韋巡,14
62053c4c-7828-41e5-acbe-1619acb5b862,鄭愷玲,11
62053c4c-7828-41e5-acbe-1619acb5b862,俞叁發,6
62053c4c-7828-41e5-acbe-1619acb5b862,李偉華,10
62053c4c-7828-41e5-acbe-1619acb5b862,許超勝,7
62053c33-e32c-47f7-b5eb-1619acb5b862,林旻勳,4
62053c33-e32c-47f7-b5eb-1619acb5b862,連恩典,3
62053c33-e32c-47f7-b5eb-1619acb5b862,莫璦緁,1
62053c33-e32c-47f7-b5eb-1619acb5b862,陳冠羽,2
62053c2c-a130-49d6-81e1-1619acb5b862,張耿輝,5
62053c2c-a130-49d6-81e1-1619acb5b862,林坤明,6
62053c2c-a130-49d6-81e1-1619acb5b862,曾怡芳,3
62053c2c-a130-49d6-81e1-1619acb5b862,楊秀玉,1
62053c2c-a130-49d6-81e1-1619acb5b862,蔡旺璉,4
62053c2c-a130-49d6-81e1-1619acb5b862,陳愷閎,2
62053c21-d324-432f-81e0-1619acb5b862,王尚潔,2
62053c21-d324-432f-81e0-1619acb5b862,陳明建,3
62053c60-df5c-4ad4-aa1e-1619acb5b862,何志勇,11
62053c60-df5c-4ad4-aa1e-1619acb5b862,戴朝琴,17
62053c60-df5c-4ad4-aa1e-1619acb5b862,張文興,15
62053c60-df5c-4ad4-aa1e-1619acb5b862,鄭美娟,23
62053c60-df5c-4ad4-aa1e-1619acb5b862,蔡惠婷,21
62053c60-df5c-4ad4-aa1e-1619acb5b862,余邦彥,5
62053c60-df5c-4ad4-aa1e-1619acb5b862,宋品瑩,9
62053c60-df5c-4ad4-aa1e-1619acb5b862,陳清智,1
62053c60-df5c-4ad4-aa1e-1619acb5b862,黃文政,19
62053c60-df5c-4ad4-aa1e-1619acb5b862,鍾淑英,14
62053c60-df5c-4ad4-aa1e-1619acb5b862,林志雅,12
62053c60-df5c-4ad4-aa1e-1619acb5b862,段孝芳,8
62053c60-df5c-4ad4-aa1e-1619acb5b862,劉彥伶,25
62053c60-df5c-4ad4-aa1e-1619acb5b862,曾資程,22
62053c60-df5c-4ad4-aa1e-1619acb5b862,陳錫文,2
62053c60-df5c-4ad4-aa1e-1619acb5b862,張祖琰,10
62053c60-df5c-4ad4-aa1e-1619acb5b862,李國璋,3
62053c60-df5c-4ad4-aa1e-1619acb5b862,劉崇顯,7
62053c60-df5c-4ad4-aa1e-1619acb5b862,周莉柔,6
62053c60-df5c-4ad4-aa1e-1619acb5b862,王銘宗,20
62053c60-df5c-4ad4-aa1e-1619acb5b862,謝佩妤,13
62053c60-df5c-4ad4-aa1e-1619acb5b862,劉明鴻,16
62053c60-df5c-4ad4-aa1e-1619acb5b862,陳珍裕,4
62053c60-df5c-4ad4-aa1e-1619acb5b862,黃家曄,24
62053c60-df5c-4ad4-aa1e-1619acb5b862,黃耀正,18
62053c5e-ede8-4b22-80b0-1619acb5b862,許修睿,4
62053c5e-ede8-4b22-80b0-1619acb5b862,何智昌,1
62053c5e-ede8-4b22-80b0-1619acb5b862,陳鶴文,10
62053c5e-ede8-4b22-80b0-1619acb5b862,徐美惠,6
62053c5e-ede8-4b22-80b0-1619acb5b862,施乃如,5
62053c5e-ede8-4b22-80b0-1619acb5b862,許登淇,9
62053c5e-ede8-4b22-80b0-1619acb5b862,王岢鈺,2
62053c5e-ede8-4b22-80b0-1619acb5b862,何佳樺,8
62053c5e-ede8-4b22-80b0-1619acb5b862,黃立達,7
62053c5e-ede8-4b22-80b0-1619acb5b862,田雅芳,3
62053c74-b54c-4f25-b33b-1619acb5b862,陳治雄,3
62053c74-b54c-4f25-b33b-1619acb5b862,陳建名,1
62053c74-b54c-4f25-b33b-1619acb5b862,施淑婷,2
62053c76-8470-4079-9b12-1619acb5b862,蕭志潔,8
62053c76-8470-4079-9b12-1619acb5b862,曾泰程,12
62053c76-8470-4079-9b12-1619acb5b862,林彥甫,1
62053c76-8470-4079-9b12-1619acb5b862,黃美慧,6
62053c76-8470-4079-9b12-1619acb5b862,顏政德,4
62053c76-8470-4079-9b12-1619acb5b862,陳清全,13
62053c76-8470-4079-9b12-1619acb5b862,鄭慶欽,11
62053c76-8470-4079-9b12-1619acb5b862,蔡文盛,3
62053c76-8470-4079-9b12-1619acb5b862,楊玲宜,19
62053c76-8470-4079-9b12-1619acb5b862,彭昆耀,7
62053c76-8470-4079-9b12-1619acb5b862,孫鍚洲,2
62053c76-8470-4079-9b12-1619acb5b862,黃世禮,9
62053c76-8470-4079-9b12-1619acb5b862,吳旭豐,14
62053c76-8470-4079-9b12-1619acb5b862,劉康彥,5
62053c84-65d4-450f-a43d-1619acb5b862,陳慶齡,1
62053c84-65d4-450f-a43d-1619acb5b862,廖子齊,4
62053c84-65d4-450f-a43d-1619acb5b862,葉國文,3
62053c84-65d4-450f-a43d-1619acb5b862,林盈徹,2
62053c84-65d4-450f-a43d-1619acb5b862,曾沛騰,9
62053c84-65d4-450f-a43d-1619acb5b862,鄭成光,8
62053c84-65d4-450f-a43d-1619acb5b862,陳啓源,7
62053c84-65d4-450f-a43d-1619acb5b862,劉昊禮,6
62053c84-65d4-450f-a43d-1619acb5b862,吳國寶,5
62053c5e-4298-4e5e-80ac-1619acb5b862,林慈愛,1
62053c8f-7ff8-4fd2-b3e8-1619acb5b862,翁渙瑤,16
62053c8f-7ff8-4fd2-b3e8-1619acb5b862,凌子楚,8
62053c8f-7ff8-4fd2-b3e8-1619acb5b862,郭文居,7
62053c8f-7ff8-4fd2-b3e8-1619acb5b862,李奕德,17
62053c8f-7ff8-4fd2-b3e8-1619acb5b862,蔡永泉,2
62053c8f-7ff8-4fd2-b3e8-1619acb5b862,郭定緯,10
62053c8f-7ff8-4fd2-b3e8-1619acb5b862,黃盈智,6
62053c8f-7ff8-4fd2-b3e8-1619acb5b862,張榮藏,3
62053c8f-7ff8-4fd2-b3e8-1619acb5b862,張敏琪,13
62053c8f-7ff8-4fd2-b3e8-1619acb5b862,梁樹綸,9
62053c8f-7ff8-4fd2-b3e8-1619acb5b862,黃露慧,11
62053c8f-7ff8-4fd2-b3e8-1619acb5b862,陳家平,4
62053c8f-7ff8-4fd2-b3e8-1619acb5b862,林昱孜,12
62053c8f-7ff8-4fd2-b3e8-1619acb5b862,傅大偉,5
62053c8f-7ff8-4fd2-b3e8-1619acb5b862,林瑞霞,1
62053c8f-7ff8-4fd2-b3e8-1619acb5b862,顏色不分藍綠支持性專區顏色田慎節,14
62053c8f-7ff8-4fd2-b3e8-1619acb5b862,戴寧,18
62053c8f-7ff8-4fd2-b3e8-1619acb5b862,吳家慧,15
62053c9f-8d34-486f-b80a-1619acb5b862,洪瑋庭,6
62053c9f-8d34-486f-b80a-1619acb5b862,林煒軒,11
62053c9f-8d34-486f-b80a-1619acb5b862,王浩,8
62053c9f-8d34-486f-b80a-1619acb5b862,張閔舜,7
62053c9f-8d34-486f-b80a-1619acb5b862,黃思婷,18
62053c9f-8d34-486f-b80a-1619acb5b862,王冠鈞,21
62053c9f-8d34-486f-b80a-1619acb5b862,莊豐安,10
62053c9f-8d34-486f-b80a-1619acb5b862,孫貫志,14
62053c9f-8d34-486f-b80a-1619acb5b862,張秀華,13
62053c9f-8d34-486f-b80a-1619acb5b862,李忠曆,1
62053c9f-8d34-486f-b80a-1619acb5b862,蘇慶良,9
62053c9f-8d34-486f-b80a-1619acb5b862,蘇澤峰,4
62053c9f-8d34-486f-b80a-1619acb5b862,蔡文旭,19
62053c9f-8d34-486f-b80a-1619acb5b862,陳姿妏,16
62053c9f-8d34-486f-b80a-1619acb5b862,李錦洋,17
62053c9f-8d34-486f-b80a-1619acb5b862,蔡坤叡,22
62053c9f-8d34-486f-b80a-1619acb5b862,鄭光宏,20
62053c9f-8d34-486f-b80a-1619acb5b862,陳品蓁,12
62053c9f-8d34-486f-b80a-1619acb5b862,許明對,5
62053c9f-8d34-486f-b80a-1619acb5b862,黃敏修,3
62053c9f-8d34-486f-b80a-1619acb5b862,林雪峰,15
62053c9f-8d34-486f-b80a-1619acb5b862,黃大祐,2
